logged_at_cst,scanner,direction,ticker,combo,accuracy_pct,bar_time_cst,median_target,price,pct,status
2026-07-08 08:55:46,stock,SHORT,AAPL,adx_di_cross,80,2026-07-08 08:50,,,,
2026-07-08 08:55:46,stock,SHORT,MSFT,liquidity_sweep,74,2026-07-08 08:50,,,,
2026-07-08 08:55:46,stock,SHORT,AMZN,mechanical_trigger + delta + momentum,71,2026-07-08 08:50,,,,
2026-07-08 09:00:22,intraday,LONG,SPY,mechanical_trigger + cumdelta + near_level,90,2026-07-08 08:55,,,,
2026-07-08 09:06:20,stock,LONG,META,adx_di_cross,84,2026-07-08 09:00,,,,
2026-07-08 09:11:38,stock,LONG,AAPL,adx_di_cross + delta,82,2026-07-08 09:05,,,,
2026-07-08 09:22:27,stock,SHORT,MSFT,adx_di_cross + delta,78,2026-07-08 09:15,,,,
2026-07-08 09:33:09,stock,SHORT,AAPL,adx_di_cross,80,2026-07-08 09:25,,,,
2026-07-08 09:33:09,stock,LONG,AMZN,adx_di_cross + near_level,77,2026-07-08 09:25,,,,
2026-07-08 09:38:31,stock,SHORT,AMZN,adx_di_cross,80,2026-07-08 09:30,,,,
2026-07-08 09:43:54,stock,LONG,AAPL,adx_di_cross + delta,82,2026-07-08 09:35,,,,
2026-07-08 09:43:54,stock,SHORT,SPCX,mechanical_trigger + delta + cumdelta,80,2026-07-08 09:35,,,,
2026-07-08 09:49:29,stock,SHORT,SPCX,mechanical_trigger + cumdelta,80,2026-07-08 09:40,,,,
2026-07-08 09:49:29,stock,LONG,LLY,adx_di_cross + adx_strong,73,2026-07-08 09:40,,,,
2026-07-08 09:51:14,intraday,SHORT,SPY,adx_di_cross + momentum,88,2026-07-08 09:45,,,,
2026-07-08 09:54:55,stock,SHORT,SPCX,mechanical_trigger + delta + cumdelta,80,2026-07-08 09:45,,,,
2026-07-08 10:00:09,stock,SHORT,AAPL,adx_di_cross,80,2026-07-08 09:55,,,,
2026-07-08 10:05:27,stock,SHORT,MSFT,adx_di_cross + delta,78,2026-07-08 10:00,,,,
2026-07-08 10:10:51,stock,LONG,AAPL,adx_di_cross + delta,82,2026-07-08 10:05,,,,
2026-07-08 10:21:44,intraday,SHORT,QQQ,adx_di_cross + momentum,88,2026-07-08 10:15,,,,
2026-07-08 10:26:57,intraday,SHORT,QQQ,adx_di_cross + delta,100,2026-07-08 10:20,,,,
2026-07-08 10:48:19,stock,LONG,META,adx_di_cross,84,2026-07-08 10:40,,,,
2026-07-08 10:48:19,stock,SHORT,MSFT,adx_di_cross + delta,78,2026-07-08 10:40,,,,
2026-07-08 10:53:37,stock,LONG,META,adx_di_cross + momentum,86,2026-07-08 10:45,,,,
2026-07-08 11:02:33,intraday,SHORT,QQQ,adx_di_cross + momentum,88,2026-07-08 10:55,,,,
2026-07-08 11:04:14,stock,LONG,AAPL,adx_di_cross + delta,82,2026-07-08 10:55,,,,
2026-07-08 11:09:32,stock,LONG,NVDA,scalp_bias + delta + adx_strong,97,2026-07-08 11:00,,,,
2026-07-08 11:14:50,stock,LONG,META,adx_di_cross + momentum,86,2026-07-08 11:05,,,,
2026-07-08 11:22:54,intraday,LONG,SPY,adx_di_cross + delta,75,2026-07-08 11:15,,,,
2026-07-08 11:25:29,stock,SHORT,MSFT,adx_di_cross + delta,78,2026-07-08 11:20,,,,
2026-07-08 11:27:59,intraday,LONG,SPY,scalp_bias + delta + cumdelta,78,2026-07-08 11:20,,,,
2026-07-08 11:33:03,intraday,LONG,SPX,scalp_bias + adx_strong,79,2026-07-08 11:25,,,,
2026-07-08 11:38:06,intraday,LONG,SPY,scalp_bias + cumdelta,77,2026-07-08 11:30,,,,
2026-07-08 11:46:16,stock,LONG,META,adx_di_cross + momentum,86,2026-07-08 11:40,,,,
2026-07-08 11:48:13,intraday,LONG,SPY,mechanical_trigger + cumdelta + near_level,90,2026-07-08 11:40,,,,
2026-07-08 11:56:39,stock,LONG,TSLA,scalp_bias + delta + adx_strong,97,2026-07-08 11:50,,,,
2026-07-08 11:58:19,intraday,LONG,SPY,mechanical_trigger + cumdelta + momentum,89,2026-07-08 11:50,,,,
2026-07-08 12:01:51,stock,SHORT,MSFT,adx_di_cross + delta,78,2026-07-08 11:55,,,,
2026-07-08 12:03:22,intraday,LONG,SPY,scalp_bias + delta + cumdelta,78,2026-07-08 11:55,,,,
2026-07-08 12:08:26,intraday,LONG,SPY,scalp_bias + cumdelta,77,2026-07-08 12:00,,,,
2026-07-08 12:12:14,stock,LONG,META,adx_di_cross + momentum,86,2026-07-08 12:05,,,,
2026-07-08 12:17:28,stock,LONG,META,adx_di_cross,84,2026-07-08 12:10,,,,
2026-07-08 12:22:47,stock,LONG,META,adx_di_cross + momentum,86,2026-07-08 12:15,,,,
2026-07-08 12:23:38,intraday,LONG,SPY,scalp_bias + delta + cumdelta,78,2026-07-08 12:15,,,,
2026-07-08 12:33:17,stock,LONG,TSLA,scalp_bias + delta + near_level,100,2026-07-08 12:25,,,,
2026-07-08 12:33:46,intraday,LONG,SPX,scalp_bias + adx_strong,79,2026-07-08 12:25,,,,
2026-07-08 12:43:55,stock,LONG,META,scalp_bias + delta + cumdelta,89,2026-07-08 12:35,,,,
2026-07-08 12:43:55,stock,LONG,TSLA,scalp_bias + near_level,85,2026-07-08 12:35,,,,
2026-07-08 12:49:18,stock,LONG,META,scalp_bias + cumdelta + near_level,89,2026-07-08 12:45,,,,
2026-07-08 13:42:24,stock,LONG,META,adx_di_cross + momentum,86,2026-07-08 13:35,,,,
2026-07-08 13:47:42,stock,LONG,META,scalp_bias + cumdelta + near_level,89,2026-07-08 13:40,,,,
2026-07-08 13:50:15,intraday,LONG,SPY,scalp_bias + delta + cumdelta,78,2026-07-08 13:45,,,,
2026-07-08 13:53:04,stock,LONG,META,scalp_bias + delta + cumdelta,89,2026-07-08 13:45,,,,
2026-07-08 13:55:21,intraday,LONG,SPY,scalp_bias + cumdelta,77,2026-07-08 13:50,,,,
2026-07-08 13:58:24,stock,LONG,META,scalp_bias + delta + adx_strong,97,2026-07-08 13:50,,,,
2026-07-08 14:00:26,intraday,LONG,SPY,scalp_bias + delta + cumdelta,78,2026-07-08 13:55,,,,
2026-07-08 14:03:42,stock,LONG,META,scalp_bias + near_level + adx_strong,95,2026-07-08 13:55,,,,
2026-07-08 14:05:31,intraday,LONG,SPY,scalp_bias + cumdelta,77,2026-07-08 14:00,,,,
2026-07-08 14:09:06,stock,LONG,META,scalp_bias + cumdelta + adx_strong,86,2026-07-08 14:00,,,,
2026-07-08 14:10:37,intraday,LONG,SPY,scalp_bias + delta + cumdelta,78,2026-07-08 14:05,,,,
2026-07-08 14:10:37,intraday,LONG,SPX,scalp_bias,73,2026-07-08 14:05,,,,
2026-07-08 14:15:42,intraday,LONG,SPY,scalp_bias + cumdelta,77,2026-07-08 14:10,,,,
2026-07-08 14:35:45,stock,LONG,AMZN,adx_di_cross + near_level,77,2026-07-08 14:30,,,,
2026-07-08 14:41:10,intraday,LONG,SPY,scalp_bias + delta + cumdelta,78,2026-07-08 14:35,,,,
2026-07-09 08:56:24,intraday,LONG,SPX,scalp_bias + cumdelta + adx_strong,100,2026-07-09 08:50,,,,
2026-07-09 08:56:24,intraday,LONG,SPY,scalp_bias + delta + cumdelta,82,2026-07-09 08:50,,,,
2026-07-09 09:01:28,intraday,LONG,SPY,scalp_bias + cumdelta + momentum,76,2026-07-09 08:55,,,,
2026-07-09 09:01:55,stock,LONG,META,adx_di_cross + delta + momentum,82,2026-07-09 08:55,,,,
2026-07-09 09:01:55,stock,LONG,TSLA,scalp_bias + delta + momentum,80,2026-07-09 08:55,,,,
2026-07-09 09:12:40,stock,LONG,META,adx_di_cross + momentum,80,2026-07-09 09:05,,,,
2026-07-09 09:12:40,stock,LONG,TSLA,scalp_bias + momentum + adx_strong,75,2026-07-09 09:05,,,,
2026-07-09 09:16:44,intraday,SHORT,QQQ,adx_di_cross,82,2026-07-09 09:10,,,,
2026-07-09 09:17:54,stock,LONG,LLY,adx_di_cross + delta + cumdelta,78,2026-07-09 09:10,,,,
2026-07-09 09:17:54,stock,SHORT,TSLA,adx_di_cross + cumdelta,75,2026-07-09 09:10,,,,
2026-07-09 09:23:10,stock,SHORT,SPCX,mechanical_trigger + cumdelta,79,2026-07-09 09:15,,,,
2026-07-09 09:23:10,stock,SHORT,TSLA,adx_di_cross + cumdelta + momentum,75,2026-07-09 09:15,,,,
2026-07-09 09:31:55,intraday,LONG,SPX,scalp_bias + cumdelta + adx_strong,100,2026-07-09 09:25,,,,
2026-07-09 09:47:07,intraday,LONG,SPY,scalp_bias + cumdelta + momentum,76,2026-07-09 09:40,,,,
2026-07-09 09:49:08,stock,LONG,MSFT,mechanical_trigger + cumdelta + near_level,80,2026-07-09 09:40,,,,
2026-07-09 09:52:10,intraday,LONG,SPY,mechanical_trigger + delta + cumdelta,94,2026-07-09 09:45,,,,
2026-07-09 09:57:13,intraday,LONG,SPY,mechanical_trigger + cumdelta + momentum,82,2026-07-09 09:50,,,,
2026-07-09 09:59:32,stock,SHORT,LLY,adx_di_cross + delta,81,2026-07-09 09:50,,,,
2026-07-09 10:02:16,intraday,LONG,SPY,mechanical_trigger + delta + cumdelta,94,2026-07-09 09:55,,,,
2026-07-09 10:04:43,stock,SHORT,LLY,adx_di_cross + near_level + momentum,94,2026-07-09 09:55,,,,
2026-07-09 10:07:20,intraday,LONG,SPY,scalp_bias + delta + cumdelta,82,2026-07-09 10:00,,,,
2026-07-09 10:09:55,stock,SHORT,LLY,adx_di_cross + delta,81,2026-07-09 10:00,,,,
2026-07-09 10:20:24,stock,SHORT,LLY,adx_di_cross + near_level,90,2026-07-09 10:15,,,,
2026-07-09 10:25:36,stock,SHORT,LLY,adx_di_cross + delta,81,2026-07-09 10:20,,,,
2026-07-09 10:42:44,intraday,LONG,QQQ,scalp_bias + delta + cumdelta,82,2026-07-09 10:35,,,,
2026-07-09 10:46:29,stock,LONG,META,scalp_bias + delta + adx_strong,100,2026-07-09 10:40,,,,
2026-07-09 10:47:47,intraday,LONG,SPX,scalp_bias + cumdelta + adx_strong,100,2026-07-09 10:40,,,,
2026-07-09 10:51:40,stock,LONG,AMZN,adx_di_cross + near_level,80,2026-07-09 10:45,,,,
2026-07-09 10:51:40,stock,LONG,META,scalp_bias + momentum + adx_strong,75,2026-07-09 10:45,,,,
2026-07-09 11:23:23,intraday,LONG,QQQ,scalp_bias + delta + cumdelta,82,2026-07-09 11:15,,,,
2026-07-09 11:33:34,intraday,LONG,SPY,scalp_bias + cumdelta + momentum,76,2026-07-09 11:25,,,,
2026-07-09 11:43:42,intraday,LONG,SPY,scalp_bias + delta + cumdelta,82,2026-07-09 11:35,,,,
2026-07-09 11:48:46,intraday,LONG,QQQ,scalp_bias + delta + cumdelta,82,2026-07-09 11:40,,,,
2026-07-09 12:04:05,intraday,LONG,SPY,scalp_bias + delta + cumdelta,82,2026-07-09 12:00,,,,
2026-07-09 12:09:09,intraday,LONG,QQQ,scalp_bias + delta + cumdelta,82,2026-07-09 12:00,,,,
2026-07-09 12:10:47,stock,LONG,MU,adx_di_cross + delta,80,2026-07-09 12:05,,,,
2026-07-09 12:14:12,intraday,LONG,SPX,scalp_bias + cumdelta + adx_strong,100,2026-07-09 12:05,,,,
2026-07-09 12:21:11,stock,LONG,MSFT,adx_di_cross + delta + near_level,92,2026-07-09 12:15,,,,
2026-07-09 12:21:11,stock,SHORT,LLY,adx_di_cross + delta,81,2026-07-09 12:15,,,,
2026-07-09 12:26:23,stock,LONG,LLY,adx_di_cross + delta + cumdelta,78,2026-07-09 12:20,,,,
2026-07-09 12:42:00,stock,LONG,NVDA,scalp_bias + momentum,69,2026-07-09 12:35,,,,
2026-07-09 12:54:39,intraday,LONG,QQQ,scalp_bias + delta + cumdelta,82,2026-07-09 12:45,,,,
2026-07-09 13:13:12,stock,LONG,LLY,adx_di_cross + cumdelta,75,2026-07-09 13:10,,,,
2026-07-09 13:19:57,intraday,LONG,SPY,scalp_bias + delta + cumdelta,82,2026-07-09 13:10,,,,
2026-07-09 13:23:35,stock,LONG,LLY,adx_di_cross + delta + cumdelta,78,2026-07-09 13:15,,,,
2026-07-09 13:23:35,stock,LONG,NVDA,scalp_bias + momentum,69,2026-07-09 13:15,,,,
2026-07-09 14:15:42,stock,LONG,AAPL,adx_di_cross + delta,80,2026-07-09 14:10,,,,
2026-07-09 14:20:40,intraday,LONG,SPY,adx_di_cross + delta + cumdelta,100,2026-07-09 14:15,,,,
2026-07-09 14:36:31,stock,SHORT,LLY,adx_di_cross + delta,81,2026-07-09 14:30,,,,
2026-07-10 08:55:17,intraday,LONG,SPY,scalp_bias + cumdelta + adx_strong,79,2026-07-10 08:50,,,,
2026-07-10 08:55:17,intraday,LONG,SPX,scalp_bias + adx_strong,72,2026-07-10 08:50,,,,
2026-07-10 08:55:40,stock,SHORT,AAPL,adx_di_cross + near_level + adx_strong,100,2026-07-10 08:50,,,,
2026-07-10 09:35:47,intraday,SHORT,SPY,adx_di_cross + near_level + adx_strong,80,2026-07-10 09:30,,,,
2026-07-10 09:40:50,intraday,SHORT,SPX,scalp_bias + momentum,86,2026-07-10 09:35,,,,
2026-07-10 09:45:54,intraday,SHORT,SPX,scalp_bias,86,2026-07-10 09:40,,,,
2026-07-10 09:45:54,intraday,LONG,QQQ,liquidity_sweep + cumdelta + adx_strong,75,2026-07-10 09:40,,,,
2026-07-10 10:01:08,intraday,SHORT,SPX,scalp_bias + momentum,86,2026-07-10 09:55,,,,
2026-07-10 10:01:08,intraday,SHORT,SPY,mechanical_trigger + near_level,80,2026-07-10 09:55,,,,
2026-07-10 10:08:57,stock,LONG,META,scalp_bias + cumdelta + adx_strong,88,2026-07-10 10:00,,,,
2026-07-10 10:08:57,stock,SHORT,AMZN,mechanical_trigger + delta + cumdelta,71,2026-07-10 10:00,,,,
2026-07-10 10:11:15,intraday,SHORT,SPX,scalp_bias,86,2026-07-10 10:05,,,,
2026-07-10 10:11:15,intraday,SHORT,SPY,mechanical_trigger,75,2026-07-10 10:05,,,,
2026-07-10 10:21:24,intraday,LONG,QQQ,adx_di_cross + momentum,78,2026-07-10 10:15,,,,
2026-07-10 10:24:45,stock,LONG,MU,adx_di_cross + delta,77,2026-07-10 10:15,,,,
2026-07-10 10:26:27,intraday,LONG,QQQ,scalp_bias + delta + near_level,86,2026-07-10 10:20,,,,
2026-07-10 10:26:27,intraday,LONG,SPY,scalp_bias + near_level,79,2026-07-10 10:20,,,,
2026-07-10 10:31:30,intraday,LONG,SPY,scalp_bias + cumdelta + adx_strong,79,2026-07-10 10:25,,,,
2026-07-10 10:31:30,intraday,LONG,QQQ,adx_di_cross + momentum,78,2026-07-10 10:25,,,,
2026-07-10 10:36:35,intraday,LONG,SPY,scalp_bias + near_level,79,2026-07-10 10:30,,,,
2026-07-10 10:36:35,intraday,LONG,QQQ,scalp_bias + near_level,79,2026-07-10 10:30,,,,
2026-07-10 10:41:39,intraday,LONG,SPY,scalp_bias + adx_strong,72,2026-07-10 10:35,,,,
2026-07-10 10:46:43,intraday,LONG,SPY,scalp_bias + cumdelta + adx_strong,79,2026-07-10 10:30,,,,
2026-07-10 11:01:56,intraday,LONG,SPY,scalp_bias + near_level,79,2026-07-10 10:55,,,,
2026-07-10 11:06:59,stock,LONG,TSLA,mechanical_trigger + delta + cumdelta,67,2026-07-10 11:00,,,,
2026-07-10 11:07:01,intraday,LONG,QQQ,scalp_bias + delta + near_level,86,2026-07-10 11:00,,,,
2026-07-10 11:07:01,intraday,LONG,SPX,scalp_bias + delta + near_level,86,2026-07-10 11:00,,,,
2026-07-10 11:07:01,intraday,LONG,SPY,scalp_bias + cumdelta + adx_strong,79,2026-07-10 11:00,,,,
2026-07-10 11:12:09,intraday,LONG,SPY,scalp_bias + near_level,79,2026-07-10 11:10,,,,
2026-07-10 11:12:09,intraday,LONG,QQQ,scalp_bias + momentum,78,2026-07-10 11:05,,,,
2026-07-10 11:12:09,intraday,LONG,SPX,scalp_bias + adx_strong,72,2026-07-10 11:05,,,,
2026-07-10 11:17:13,intraday,LONG,QQQ,scalp_bias + delta + near_level,86,2026-07-10 11:10,,,,
2026-07-10 11:17:13,intraday,LONG,SPX,scalp_bias + delta + near_level,86,2026-07-10 11:10,,,,
2026-07-10 11:22:17,intraday,LONG,QQQ,scalp_bias + delta + cumdelta,83,2026-07-10 11:15,,,,
2026-07-10 11:22:17,intraday,LONG,SPX,scalp_bias + delta,83,2026-07-10 11:15,,,,
2026-07-10 11:22:17,intraday,LONG,SPY,scalp_bias + cumdelta + adx_strong,79,2026-07-10 11:15,,,,
2026-07-10 11:27:21,intraday,LONG,SPY,scalp_bias + near_level,79,2026-07-10 11:20,,,,
2026-07-10 11:27:21,intraday,LONG,SPX,scalp_bias + near_level,79,2026-07-10 11:20,,,,
2026-07-10 11:27:21,intraday,LONG,QQQ,scalp_bias + momentum,78,2026-07-10 11:20,,,,
2026-07-10 11:33:18,stock,SHORT,AMZN,scalp_bias + delta,77,2026-07-10 11:25,,,,
2026-07-10 11:37:30,intraday,LONG,SPX,scalp_bias + delta,83,2026-07-10 11:30,,,,
2026-07-10 11:37:30,intraday,LONG,SPY,scalp_bias + cumdelta + momentum,75,2026-07-10 11:30,,,,
2026-07-10 11:42:34,intraday,LONG,SPY,scalp_bias + near_level,79,2026-07-10 11:35,,,,
2026-07-10 11:47:38,intraday,LONG,SPY,scalp_bias + cumdelta + momentum,75,2026-07-10 11:40,,,,
2026-07-10 12:28:16,intraday,LONG,SPY,scalp_bias + near_level,79,2026-07-10 12:20,,,,
2026-07-10 12:36:31,stock,SHORT,TSLA,mechanical_trigger + delta,80,2026-07-10 12:30,,,,
2026-07-10 12:47:04,stock,SHORT,TSLA,scalp_bias + momentum,93,2026-07-10 12:40,,,,
2026-07-10 12:47:04,stock,SHORT,AAPL,adx_di_cross + delta,75,2026-07-10 12:40,,,,
2026-07-10 13:08:46,intraday,LONG,QQQ,scalp_bias + delta + near_level,86,2026-07-10 13:00,,,,
2026-07-10 13:13:50,intraday,LONG,QQQ,scalp_bias + delta + cumdelta,83,2026-07-10 13:05,,,,
2026-07-10 13:18:55,intraday,LONG,QQQ,scalp_bias + near_level,79,2026-07-10 13:10,,,,
2026-07-10 13:24:00,intraday,LONG,QQQ,scalp_bias + cumdelta,75,2026-07-10 13:15,,,,
2026-07-10 13:29:10,intraday,LONG,QQQ,scalp_bias + delta + cumdelta,83,2026-07-10 13:20,,,,
2026-07-10 13:29:13,stock,LONG,NVDA,scalp_bias + delta + cumdelta,85,2026-07-10 13:20,,,,
2026-07-10 13:34:15,intraday,LONG,QQQ,scalp_bias + cumdelta,75,2026-07-10 13:25,,,,
2026-07-10 13:34:54,stock,LONG,AAPL,adx_di_cross + delta,77,2026-07-10 13:25,,,,
2026-07-10 13:34:54,stock,LONG,MU,adx_di_cross + delta,77,2026-07-10 13:25,,,,
2026-07-10 13:39:19,intraday,LONG,QQQ,scalp_bias + delta + near_level,86,2026-07-10 13:30,,,,
2026-07-10 13:40:07,stock,LONG,MSFT,mechanical_trigger + cumdelta + near_level,86,2026-07-10 13:30,,,,
2026-07-10 13:40:07,stock,LONG,NVDA,scalp_bias + delta + cumdelta,85,2026-07-10 13:30,,,,
2026-07-10 13:44:24,intraday,LONG,QQQ,scalp_bias + cumdelta,75,2026-07-10 13:35,,,,
2026-07-10 13:50:57,stock,LONG,MSFT,scalp_bias + cumdelta + momentum,82,2026-07-10 13:45,,,,
2026-07-10 13:56:17,stock,LONG,MU,adx_di_cross + delta,77,2026-07-10 13:50,,,,
2026-07-10 13:59:41,intraday,LONG,SPY,scalp_bias + cumdelta + adx_strong,79,2026-07-10 13:50,,,,
2026-07-10 14:01:45,stock,LONG,NVDA,adx_di_cross + delta + cumdelta,82,2026-07-10 13:55,,,,
2026-07-10 14:04:46,intraday,LONG,SPX,scalp_bias + near_level,79,2026-07-10 13:55,,,,
2026-07-10 14:07:02,stock,LONG,NVDA,scalp_bias + delta + cumdelta,85,2026-07-10 14:00,,,,
2026-07-10 14:09:51,intraday,LONG,QQQ,scalp_bias + delta + near_level,86,2026-07-10 14:00,,,,
2026-07-13 08:25:03,levels,LONG,QQQ,above_yesterday_low,,2026-07-13 03:05,,,,
2026-07-13 08:25:03,levels,SHORT,QQQ,below_yesterday_low,,2026-07-13 07:30,,,,
2026-07-13 08:25:03,levels,LONG,QQQ,above_yesterday_low,,2026-07-13 07:40,,,,
2026-07-13 08:35:11,levels,SHORT,QQQ,below_yesterday_low,,2026-07-13 08:30,,,,
2026-07-13 08:45:20,levels,SHORT,QQQ,below_10min_low,,2026-07-13 08:40,,,,
2026-07-13 08:55:28,levels,SHORT,QQQ,below_postmarket_low,,2026-07-13 08:50,,,,
2026-07-13 08:55:32,stock,LONG,LLY,adx_di_cross,78,2026-07-13 08:50,9c_45m,1196.29,+0.38,fail
2026-07-13 09:00:32,levels,LONG,QQQ,above_postmarket_low,,2026-07-13 08:55,,,,
2026-07-13 09:00:32,levels,LONG,QQQ,above_10min_low,,2026-07-13 08:55,,,,
2026-07-13 09:00:44,stock,LONG,LLY,mechanical_trigger + near_level,89,2026-07-13 08:55,14c_68m,1196.00,+0.21,fail
2026-07-13 09:05:36,levels,SHORT,QQQ,below_10min_low,,2026-07-13 09:00,,,,
2026-07-13 09:10:40,levels,LONG,QQQ,above_10min_low,,2026-07-13 09:05,,,,
2026-07-13 09:11:09,stock,LONG,NVDA,adx_di_cross + delta + momentum,86,2026-07-13 09:05,10c_48m,209.53,+0.01,fail
2026-07-13 09:16:24,stock,LONG,NVDA,adx_di_cross,78,2026-07-13 09:10,9c_45m,209.29,+0.09,fail
2026-07-13 09:20:31,intraday,SHORT,SPY,adx_di_cross + delta + cumdelta,75,2026-07-13 09:15,9c_45m,751.00,-0.12,fail
2026-07-13 09:20:48,levels,SHORT,SPY,below_10min_low,,2026-07-13 09:15,,,,
2026-07-13 09:20:48,levels,SHORT,QQQ,below_10min_low,,2026-07-13 09:15,,,,
2026-07-13 09:20:48,levels,SHORT,SPX,below_10min_low,,2026-07-13 09:15,,,,
2026-07-13 09:25:51,levels,LONG,SPY,above_10min_low,,2026-07-13 09:20,,,,
2026-07-13 09:25:51,levels,LONG,QQQ,above_10min_low,,2026-07-13 09:20,,,,
2026-07-13 09:25:51,levels,LONG,SPX,above_10min_low,,2026-07-13 09:20,,,,
2026-07-13 09:30:55,levels,LONG,QQQ,above_yesterday_low,,2026-07-13 09:25,,,,
2026-07-13 09:38:01,levels,SHORT,QQQ,below_yesterday_low,,2026-07-13 09:35,,,,
2026-07-13 09:40:02,levels,SHORT,SPY,below_10min_low,,2026-07-13 09:35,,,,
2026-07-13 09:42:30,stock,SHORT,AAPL,adx_di_cross + delta + adx_strong,67,2026-07-13 09:35,20c_100m,316.09,-0.89,success
2026-07-13 09:45:07,levels,SHORT,QQQ,below_yesterday_low,,2026-07-13 09:40,,,,
2026-07-13 09:45:07,levels,SHORT,SPX,below_10min_low,,2026-07-13 09:40,,,,
2026-07-13 09:50:11,levels,LONG,QQQ,above_yesterday_low,,2026-07-13 09:45,
2026-07-13 09:50:11,levels,LONG,SPX,above_10min_low,,2026-07-13 09:45,
2026-07-13 09:50:55,intraday,LONG,QQQ,mechanical_trigger + delta,75,2026-07-13 09:45,7c_35m,718.74,+0.21,fail
2026-07-13 09:52:58,stock,LONG,MSFT,adx_di_cross + delta,82,2026-07-13 09:45,13c_65m,391.25,+0.74,success
2026-07-13 09:55:15,levels,SHORT,QQQ,below_yesterday_low,,2026-07-13 09:50,
2026-07-13 09:55:15,levels,SHORT,SPX,below_10min_low,,2026-07-13 09:50,
2026-07-13 09:58:12,stock,LONG,MSFT,adx_di_cross + delta + momentum,86,2026-07-13 09:55,10c_48m,391.25,+0.47,success
2026-07-13 10:00:18,levels,LONG,SPY,above_10min_low,,2026-07-13 09:55,
2026-07-13 10:00:19,levels,LONG,QQQ,above_yesterday_low,,2026-07-13 09:55,
2026-07-13 10:00:19,levels,LONG,SPX,above_10min_low,,2026-07-13 09:55,
2026-07-13 10:05:24,levels,SHORT,SPY,below_10min_low,,2026-07-13 10:00,
2026-07-13 10:14:07,stock,LONG,MSFT,mechanical_trigger,75,2026-07-13 10:05,14c_68m,391.25,+0.31,fail
2026-07-13 10:15:31,levels,SHORT,SPX,below_10min_low,,2026-07-13 10:10,,,,
2026-07-13 10:15:51,stock,LONG,MSFT,scalp_bias + near_level + adx_strong,100,2026-07-13 10:10,9c_45m,391.25,+0.37,fail
2026-07-13 10:20:36,levels,LONG,SPX,above_10min_low,,2026-07-13 10:15,,,,
2026-07-13 10:21:09,stock,LONG,MSFT,scalp_bias + delta + adx_strong,89,2026-07-13 10:15,23c_115m,393.57,+0.79,success
2026-07-13 10:25:39,levels,LONG,SPY,above_10min_low,,2026-07-13 10:20,,,,
2026-07-13 10:30:43,levels,SHORT,SPY,below_10min_low,,2026-07-13 10:25,,,,
2026-07-13 10:36:51,stock,LONG,META,adx_di_cross + delta,82,2026-07-13 10:30,13c_65m,663.71,+0.01,fail
2026-07-13 10:40:51,levels,SHORT,SPX,below_10min_low,,2026-07-13 10:35,,,,
2026-07-13 10:45:55,levels,SHORT,QQQ,below_yesterday_low,,2026-07-13 10:40,,,,
2026-07-13 10:47:19,stock,LONG,LLY,mechanical_trigger + near_level,89,2026-07-13 10:40,14c_68m,1192.54,+0.09,fail
2026-07-13 11:00:06,levels,SHORT,QQQ,below_10min_low,,2026-07-13 10:55,,,,
2026-07-13 11:10:14,levels,LONG,QQQ,above_10min_low,,2026-07-13 11:05,,,,
2026-07-13 11:15:18,levels,SHORT,QQQ,below_10min_low,,2026-07-13 11:10,,,,
2026-07-13 11:18:44,stock,LONG,MSFT,scalp_bias + near_level + adx_strong,100,2026-07-13 11:10,9c_45m,393.36,+0.68,success
2026-07-13 11:23:58,stock,LONG,MSFT,scalp_bias + delta + adx_strong,89,2026-07-13 11:15,23c_115m,393.57,+0.57,success
2026-07-13 11:29:18,stock,SHORT,SPCX,mechanical_trigger,93,2026-07-13 11:20,3c_15m,138.15,-0.57,success
2026-07-13 11:35:33,levels,SHORT,QQQ,below_postmarket_low,,2026-07-13 11:30,,,,
2026-07-13 11:55:31,stock,SHORT,AMZN,adx_di_cross + delta + momentum,76,2026-07-13 11:50,4c_20m,247.40,-0.02,fail
2026-07-13 11:55:48,levels,SHORT,SPY,below_postmarket_low,,2026-07-13 11:50,,,,
2026-07-13 12:00:46,stock,SHORT,AMZN,adx_di_cross + momentum,71,2026-07-13 11:55,8c_40m,247.61,-0.02,fail
2026-07-13 12:00:51,levels,LONG,SPY,above_postmarket_low,,2026-07-13 11:55,,,,
2026-07-13 12:06:01,stock,SHORT,AMZN,adx_di_cross + delta + momentum,76,2026-07-13 12:00,4c_20m,247.63,+0.00,fail
2026-07-13 12:11:00,levels,LONG,QQQ,above_postmarket_low,,2026-07-13 12:05,,,,
2026-07-13 12:11:16,stock,LONG,LLY,adx_di_cross,78,2026-07-13 12:05,9c_45m,1192.09,+0.21,fail
2026-07-13 12:13:01,levels,SHORT,QQQ,below_postmarket_low,,2026-07-13 12:10,,,,
2026-07-13 12:21:45,stock,LONG,AMZN,adx_di_cross + near_level,83,2026-07-13 12:15,8c_40m,248.66,+0.16,fail
2026-07-13 12:32:14,stock,SHORT,SPCX,adx_di_cross + delta,83,2026-07-13 12:25,7c_35m,137.25,-0.97,success
2026-07-13 12:37:28,stock,SHORT,SPCX,mechanical_trigger,93,2026-07-13 12:30,3c_15m,137.55,-0.89,success
2026-07-13 12:42:45,stock,LONG,MSFT,scalp_bias + near_level + adx_strong,100,2026-07-13 12:35,9c_45m,392.76,+0.00,fail
2026-07-13 12:42:45,stock,SHORT,SPCX,adx_di_cross + delta,83,2026-07-13 12:35,7c_35m,137.08,-0.76,success
2026-07-13 12:48:00,stock,SHORT,LLY,adx_di_cross + delta + near_level,92,2026-07-13 12:40,15c_75m,1181.00,-0.33,fail
2026-07-13 12:55:34,levels,SHORT,SPY,below_postmarket_low,,2026-07-13 12:50,,,,
2026-07-13 13:05:42,levels,LONG,SPY,above_postmarket_low,,2026-07-13 13:00,,,,
2026-07-13 13:08:55,stock,SHORT,AMZN,adx_di_cross + delta + momentum,76,2026-07-13 13:00,4c_20m,247.79,+0.00,fail
2026-07-13 13:19:23,stock,LONG,MSFT,scalp_bias + near_level + adx_strong,100,2026-07-13 13:10,9c_45m,393.64,+0.34,fail
2026-07-13 13:21:54,levels,SHORT,SPY,below_postmarket_low,,2026-07-13 13:15,,,,
2026-07-13 13:24:37,stock,LONG,AMZN,adx_di_cross + near_level,83,2026-07-13 13:15,8c_40m,249.65,+0.64,success
2026-07-13 13:24:37,stock,LONG,MSFT,scalp_bias,78,2026-07-13 13:15,17c_85m,393.64,+0.39,fail
2026-07-13 13:29:50,stock,LONG,MSFT,scalp_bias + delta + adx_strong,89,2026-07-13 13:20,23c_115m,393.64,+0.35,fail
2026-07-13 13:35:04,stock,LONG,META,adx_di_cross + delta,82,2026-07-13 13:25,13c_65m,663.59,+0.09,fail
2026-07-13 13:35:04,stock,LONG,MSFT,scalp_bias + delta + near_level,82,2026-07-13 13:25,11c_55m,393.64,+0.32,fail
2026-07-13 13:40:08,levels,LONG,SPY,above_postmarket_low,,2026-07-13 13:35,,,,
2026-07-13 13:40:18,stock,LONG,MSFT,scalp_bias,78,2026-07-13 13:35,17c_85m,393.64,+0.21,fail
2026-07-13 13:45:34,stock,LONG,MSFT,adx_di_cross + delta + momentum,86,2026-07-13 13:40,10c_48m,393.64,+0.17,fail
2026-07-13 13:56:03,stock,LONG,LLY,adx_di_cross,78,2026-07-13 13:50,9c_45m,1190.75,+0.28,fail
2026-07-13 14:00:24,levels,SHORT,SPY,below_postmarket_low,,2026-07-13 13:55,,,,
2026-07-13 14:01:17,stock,SHORT,AAPL,liquidity_sweep + delta + adx_strong,72,2026-07-13 13:55,8c_42m,316.05,-0.35,fail
2026-07-13 14:03:43,intraday,SHORT,QQQ,adx_di_cross,80,2026-07-13 13:55,2c_10m,712.03,-0.05,fail
2026-07-13 14:05:28,levels,LONG,SPY,above_postmarket_low,,2026-07-13 14:00,,,,
2026-07-13 14:10:32,levels,SHORT,SPY,below_postmarket_low,,2026-07-13 14:05,,,,
2026-07-13 14:11:46,stock,LONG,MSFT,scalp_bias + near_level + adx_strong,100,2026-07-13 14:05,9c_45m,392.92,+0.01,fail
2026-07-13 14:17:02,stock,SHORT,AAPL,adx_di_cross + near_level + adx_strong,100,2026-07-13 14:10,16c_80m,316.05,-0.08,fail
2026-07-13 14:18:55,intraday,SHORT,SPY,adx_di_cross + delta + cumdelta,75,2026-07-13 14:10,9c_45m,748.00,-0.17,fail
2026-07-13 14:40:57,levels,SHORT,SPX,below_yesterday_low,,2026-07-13 14:35,,,,
2026-07-13 14:45:00,levels,LONG,SPX,above_yesterday_low,,2026-07-13 14:40,,,,
2026-07-13 21:46:47,levels,SHORT,SPY,below_yesterday_low,,2026-07-13 17:55,,,,
2026-07-13 21:46:47,levels,LONG,SPY,above_yesterday_low,,2026-07-13 18:55,,,,
2026-07-14 08:25:03,levels,SHORT,SPY,below_yesterday_low,,2026-07-14 06:00,,,,
2026-07-14 08:25:03,levels,LONG,SPY,above_yesterday_low,,2026-07-14 06:10,,,,
2026-07-14 08:25:03,levels,SHORT,SPY,below_yesterday_low,,2026-07-14 07:00,,,,
2026-07-14 08:25:03,levels,LONG,SPY,above_yesterday_low,,2026-07-14 07:20,,,,
2026-07-14 08:25:03,levels,LONG,QQQ,above_yesterday_high,,2026-07-14 07:30,,,,
2026-07-14 08:35:10,levels,SHORT,QQQ,below_yesterday_high,,2026-07-14 08:30,,,,
2026-07-14 08:40:14,levels,LONG,QQQ,above_yesterday_high,,2026-07-14 08:35,,,,
2026-07-14 08:45:17,levels,LONG,SPX,above_10min_high,,2026-07-14 08:40,,,,
2026-07-14 08:50:21,levels,SHORT,SPX,below_10min_high,,2026-07-14 08:45,,,,
2026-07-14 08:55:29,stock,LONG,MSFT,adx_di_cross + momentum,88,2026-07-14 08:50,5c_25m,385.60,+0.62,success
2026-07-14 08:55:29,stock,LONG,TSLA,liquidity_sweep,70,2026-07-14 08:50,4c_22m,399.28,+0.30,fail
2026-07-14 09:00:28,levels,LONG,SPX,above_10min_high,,2026-07-14 08:55,,,,
2026-07-14 09:00:42,stock,LONG,MSFT,adx_di_cross + delta,92,2026-07-14 08:55,6c_28m,385.60,+0.09,fail
2026-07-14 09:05:18,intraday,SHORT,QQQ,adx_di_cross,86,2026-07-14 09:00,15c_75m,714.34,-0.42,success
2026-07-14 09:05:34,levels,SHORT,QQQ,below_yesterday_high,,2026-07-14 09:00,,,,
2026-07-14 09:05:35,levels,SHORT,SPX,below_10min_high,,2026-07-14 09:00,,,,
2026-07-14 09:05:54,stock,LONG,MSFT,adx_di_cross + momentum,88,2026-07-14 09:00,5c_25m,384.76,+0.31,fail
2026-07-14 09:10:38,levels,SHORT,QQQ,below_10min_low,,2026-07-14 09:05,,,,
2026-07-14 09:11:07,stock,LONG,MSFT,adx_di_cross + delta,92,2026-07-14 09:05,6c_28m,386.52,+0.59,success
2026-07-14 09:20:28,intraday,SHORT,SPY,adx_di_cross + delta + cumdelta,80,2026-07-14 09:15,7c_35m,749.78,-0.01,fail
2026-07-14 09:25:32,intraday,SHORT,SPY,adx_di_cross + cumdelta,75,2026-07-14 09:20,5c_25m,749.96,-0.02,fail
2026-07-14 09:30:58,levels,LONG,QQQ,above_10min_low,,2026-07-14 09:25,,,,
2026-07-14 09:32:00,stock,SHORT,SPCX,adx_di_cross,90,2026-07-14 09:25,15c_75m,140.29,-0.50,success
2026-07-14 09:35:00,levels,LONG,SPY,above_10min_high,,2026-07-14 09:30,,,,
2026-07-14 09:35:01,levels,LONG,QQQ,above_yesterday_high,,2026-07-14 09:30,,,,
2026-07-14 09:35:01,levels,LONG,SPX,above_10min_high,,2026-07-14 09:30,,,,
2026-07-14 09:35:39,intraday,LONG,QQQ,adx_di_cross,75,2026-07-14 09:30,7c_35m,721.47,+0.30,success
2026-07-14 09:37:16,stock,LONG,MSFT,adx_di_cross + delta,92,2026-07-14 09:30,6c_28m,387.75,+0.52,success
2026-07-14 09:40:43,intraday,LONG,QQQ,adx_di_cross + momentum,85,2026-07-14 09:35,5c_25m,720.91,+0.18,fail
2026-07-14 09:42:29,stock,LONG,META,scalp_bias + cumdelta + near_level,92,2026-07-14 09:35,10c_48m,663.70,+0.22,fail
2026-07-14 09:42:29,stock,LONG,NVDA,vidya_dmi,75,2026-07-14 09:35,2c_10m,206.81,+0.07,fail
2026-07-14 09:45:11,levels,SHORT,SPY,below_10min_high,,2026-07-14 09:40,,,,
2026-07-14 09:45:12,levels,SHORT,QQQ,below_yesterday_high,,2026-07-14 09:40,,,,
2026-07-14 09:45:12,levels,SHORT,SPX,below_10min_high,,2026-07-14 09:40,,,,
2026-07-14 09:47:50,stock,LONG,MSFT,scalp_bias,89,2026-07-14 09:40,8c_40m,387.75,+0.47,success
2026-07-14 09:55:23,levels,LONG,SPY,above_10min_high,,2026-07-14 09:50,,,,
2026-07-14 09:55:23,levels,LONG,QQQ,above_yesterday_high,,2026-07-14 09:50,,,,
2026-07-14 09:55:23,levels,LONG,SPX,above_10min_high,,2026-07-14 09:50,,,,
2026-07-14 09:58:23,stock,LONG,META,scalp_bias + cumdelta + near_level,92,2026-07-14 09:50,10c_48m,663.70,+0.23,fail
2026-07-14 10:01:01,intraday,LONG,QQQ,scalp_bias + delta,85,2026-07-14 09:55,6c_30m,722.09,+0.39,success
2026-07-14 10:03:37,stock,SHORT,LLY,scalp_bias + near_level,74,2026-07-14 09:55,14c_70m,1146.04,-0.35,fail
2026-07-14 10:10:37,levels,LONG,QQQ,above_10min_high,,2026-07-14 10:05,,,,
2026-07-14 10:11:08,intraday,LONG,SPX,mechanical_trigger + delta + cumdelta,100,2026-07-14 10:05,4c_20m,7555.92,+0.01,fail
2026-07-14 10:14:05,stock,LONG,MSFT,scalp_bias,89,2026-07-14 10:05,8c_40m,387.13,+0.03,fail
2026-07-14 10:16:12,intraday,LONG,SPX,mechanical_trigger + cumdelta + adx_strong,100,2026-07-14 10:10,5c_25m,7554.67,+0.03,fail
2026-07-14 10:19:19,stock,LONG,NVDA,scalp_bias + momentum,90,2026-07-14 10:10,6c_28m,209.18,+0.67,success
2026-07-14 10:26:19,intraday,LONG,SPY,scalp_bias + delta + near_level,89,2026-07-14 10:20,6c_28m,752.90,+0.05,fail
2026-07-14 10:36:26,intraday,LONG,SPY,scalp_bias + near_level,84,2026-07-14 10:30,10c_48m,752.04,+0.01,fail
2026-07-14 10:40:09,stock,SHORT,META,adx_di_cross,90,2026-07-14 10:35,15c_75m,655.19,-0.33,fail
2026-07-14 10:50:34,stock,LONG,NVDA,scalp_bias + momentum,90,2026-07-14 10:45,6c_28m,209.27,+0.21,fail
2026-07-14 10:50:34,stock,SHORT,META,scalp_bias + momentum,76,2026-07-14 10:45,4c_20m,655.19,-0.23,fail
2026-07-14 10:55:18,levels,SHORT,SPY,below_10min_high,,2026-07-14 10:50,,,,
2026-07-14 10:55:18,levels,SHORT,QQQ,below_10min_high,,2026-07-14 10:50,,,,
2026-07-14 10:55:18,levels,SHORT,SPX,below_10min_high,,2026-07-14 10:50,,,,
2026-07-14 11:05:25,levels,SHORT,QQQ,below_yesterday_high,,2026-07-14 11:00,,,,
2026-07-14 11:06:17,stock,SHORT,SPCX,adx_di_cross,90,2026-07-14 11:00,15c_75m,138.20,-2.53,success
2026-07-14 11:06:17,stock,LONG,NVDA,scalp_bias,89,2026-07-14 11:00,8c_40m,210.26,+0.67,success
2026-07-14 11:16:56,intraday,SHORT,SPY,scalp_bias + near_level,94,2026-07-14 11:10,14c_70m,750.00,-0.07,fail
2026-07-14 11:20:42,levels,LONG,QQQ,above_yesterday_high,,2026-07-14 11:15,,,,
2026-07-14 11:21:56,stock,LONG,MSFT,adx_di_cross + delta,92,2026-07-14 11:15,6c_28m,387.50,+0.59,success
2026-07-14 11:21:59,intraday,SHORT,SPY,scalp_bias + delta + cumdelta,95,2026-07-14 11:15,5c_25m,750.00,-0.06,fail
2026-07-14 11:37:40,stock,LONG,META,scalp_bias + cumdelta + near_level,92,2026-07-14 11:30,10c_48m,666.50,+0.63,success
2026-07-14 11:37:40,stock,LONG,MSFT,scalp_bias + delta + cumdelta,91,2026-07-14 11:30,6c_30m,388.19,+0.32,fail
2026-07-14 11:42:53,stock,LONG,AMZN,scalp_bias + cumdelta + near_level,92,2026-07-14 11:35,10c_48m,246.50,+0.34,fail
2026-07-14 11:42:53,stock,LONG,META,scalp_bias + delta + cumdelta,91,2026-07-14 11:35,6c_30m,666.50,+0.43,success
2026-07-14 11:43:01,levels,LONG,SPY,above_10min_high,,2026-07-14 11:40,,,,
2026-07-14 11:43:01,levels,LONG,SPX,above_10min_high,,2026-07-14 11:40,,,,
2026-07-14 11:53:27,stock,LONG,MSFT,scalp_bias + cumdelta + near_level,92,2026-07-14 11:45,10c_48m,388.19,+0.26,fail
2026-07-14 11:53:27,stock,LONG,META,scalp_bias + cumdelta + near_level,92,2026-07-14 11:45,10c_48m,666.50,+0.47,success
2026-07-14 11:53:27,stock,LONG,AMZN,scalp_bias + delta + cumdelta,91,2026-07-14 11:45,6c_30m,246.50,+0.27,fail
2026-07-14 11:58:39,stock,LONG,AMZN,scalp_bias + cumdelta + near_level,92,2026-07-14 11:50,10c_48m,246.84,+0.42,success
2026-07-14 12:00:15,levels,LONG,QQQ,above_10min_high,,2026-07-14 11:55,,,,
2026-07-14 12:02:41,intraday,LONG,SPX,mechanical_trigger + delta + cumdelta,100,2026-07-14 11:55,4c_20m,7548.54,+0.05,fail
2026-07-14 12:03:52,stock,LONG,AMZN,scalp_bias + delta + cumdelta,91,2026-07-14 11:55,6c_30m,246.62,+0.19,fail
2026-07-14 12:07:46,intraday,LONG,SPX,mechanical_trigger + cumdelta + momentum,100,2026-07-14 12:00,14c_70m,7552.56,+0.12,fail
2026-07-14 12:07:46,intraday,LONG,QQQ,adx_di_cross + momentum,85,2026-07-14 12:00,5c_25m,721.57,+0.15,fail
2026-07-14 12:07:46,intraday,LONG,SPY,scalp_bias + near_level,84,2026-07-14 12:00,10c_48m,752.61,+0.12,fail
2026-07-14 12:09:11,stock,LONG,META,scalp_bias + cumdelta + near_level,92,2026-07-14 12:00,10c_48m,664.70,+0.19,fail
2026-07-14 12:09:11,stock,LONG,AMZN,scalp_bias + cumdelta + momentum,91,2026-07-14 12:00,7c_35m,246.84,+0.31,fail
2026-07-14 12:12:51,intraday,LONG,SPX,mechanical_trigger + delta + cumdelta,100,2026-07-14 12:05,4c_20m,7551.93,+0.06,fail
2026-07-14 12:12:51,intraday,LONG,SPY,scalp_bias + delta + near_level,89,2026-07-14 12:05,6c_28m,752.61,+0.07,fail
2026-07-14 12:17:56,intraday,LONG,SPY,scalp_bias + near_level,84,2026-07-14 12:10,10c_48m,752.61,+0.11,fail
2026-07-14 12:17:56,intraday,LONG,SPX,scalp_bias + near_level,84,2026-07-14 12:10,10c_48m,7551.93,+0.09,fail
2026-07-14 12:23:01,intraday,LONG,SPY,scalp_bias + delta + near_level,89,2026-07-14 12:15,6c_28m,752.61,+0.07,fail
2026-07-14 12:23:01,intraday,LONG,SPX,scalp_bias + delta + near_level,89,2026-07-14 12:15,6c_28m,7551.93,+0.06,fail
2026-07-14 12:25:07,stock,SHORT,SPCX,mechanical_trigger,94,2026-07-14 12:15,2c_12m,138.26,-0.15,fail
2026-07-14 12:25:07,stock,LONG,AMZN,mechanical_trigger + cumdelta + near_level,75,2026-07-14 12:20,5c_25m,246.84,+0.26,fail
2026-07-14 12:28:05,intraday,LONG,QQQ,adx_di_cross + momentum,85,2026-07-14 12:25,5c_25m,721.52,+0.05,fail
2026-07-14 12:28:05,intraday,LONG,SPY,scalp_bias + delta,85,2026-07-14 12:20,6c_30m,752.56,+0.02,fail
2026-07-14 12:28:05,intraday,LONG,SPX,scalp_bias + delta,85,2026-07-14 12:20,6c_30m,7551.77,+0.01,fail
2026-07-14 12:30:20,stock,LONG,AMZN,mechanical_trigger + delta,67,2026-07-14 12:25,4c_20m,246.84,+0.15,fail
2026-07-14 12:35:33,stock,LONG,MSFT,scalp_bias + cumdelta + near_level,92,2026-07-14 12:30,10c_48m,387.63,+0.13,fail
2026-07-14 12:35:33,stock,LONG,AMZN,mechanical_trigger + cumdelta + near_level,75,2026-07-14 12:30,5c_25m,246.68,+0.01,fail
2026-07-14 12:38:12,intraday,LONG,QQQ,adx_di_cross,75,2026-07-14 12:30,7c_35m,721.64,+0.12,fail
2026-07-14 12:40:47,stock,LONG,AMZN,scalp_bias + cumdelta + near_level,92,2026-07-14 12:35,10c_48m,247.58,+0.43,success
2026-07-14 12:46:01,stock,SHORT,SPCX,mechanical_trigger,94,2026-07-14 12:40,2c_12m,138.27,-0.12,fail
2026-07-14 12:46:01,stock,LONG,MSFT,scalp_bias + delta + cumdelta,91,2026-07-14 12:40,6c_30m,387.63,+0.09,fail
2026-07-14 12:51:16,stock,LONG,MSFT,scalp_bias + cumdelta + near_level,92,2026-07-14 12:45,10c_48m,387.63,+0.13,fail
2026-07-14 12:51:16,stock,LONG,AMZN,mechanical_trigger + cumdelta + near_level,75,2026-07-14 12:45,5c_25m,246.88,+0.16,fail
2026-07-14 12:53:24,intraday,LONG,SPY,scalp_bias + delta + near_level,89,2026-07-14 12:45,6c_28m,752.63,+0.07,fail
2026-07-14 12:58:28,intraday,LONG,SPX,scalp_bias + delta + near_level,89,2026-07-14 12:50,6c_28m,7554.02,+0.07,fail
2026-07-14 13:13:40,intraday,LONG,SPY,scalp_bias + near_level,84,2026-07-14 13:05,10c_48m,752.77,+0.05,fail
2026-07-14 13:18:44,intraday,LONG,SPY,scalp_bias + delta + near_level,89,2026-07-14 13:10,6c_28m,752.77,+0.02,fail
2026-07-14 13:23:48,intraday,LONG,QQQ,scalp_bias + near_level,84,2026-07-14 13:15,10c_48m,721.68,+0.01,fail
2026-07-14 13:38:59,intraday,LONG,QQQ,scalp_bias + delta + near_level,89,2026-07-14 13:30,6c_28m,721.65,+0.02,fail
2026-07-14 13:59:21,stock,LONG,AAPL,scalp_bias + cumdelta + near_level,92,2026-07-14 13:50,10c_48m,315.87,+0.19,fail
2026-07-14 14:04:35,stock,LONG,AAPL,adx_di_cross + delta,92,2026-07-14 13:55,6c_28m,315.87,+0.12,fail
2026-07-14 14:05:12,levels,SHORT,QQQ,below_10min_high,,2026-07-14 14:00,,,,
2026-07-14 14:09:49,stock,LONG,AMZN,mechanical_trigger + delta,67,2026-07-14 14:00,4c_20m,247.66,+0.22,fail
2026-07-14 14:15:20,levels,LONG,QQQ,above_10min_high,,2026-07-14 14:10,,,,
2026-07-14 14:25:30,stock,LONG,AMZN,scalp_bias + cumdelta + near_level,92,2026-07-14 14:20,10c_48m,248.56,+0.46,success
2026-07-14 14:29:43,intraday,LONG,SPY,scalp_bias + delta + near_level,89,2026-07-14 14:20,6c_28m,752.52,+0.01,fail
2026-07-14 14:30:33,levels,SHORT,QQQ,below_10min_high,,2026-07-14 14:25,,,,
2026-07-14 14:30:44,stock,SHORT,SPCX,mechanical_trigger,94,2026-07-14 14:25,2c_12m,137.28,-0.62,success
2026-07-14 14:30:44,stock,LONG,MSFT,adx_di_cross + delta,92,2026-07-14 14:25,6c_28m,386.23,+0.03,fail
2026-07-14 14:30:44,stock,LONG,AMZN,scalp_bias + delta + cumdelta,91,2026-07-14 14:25,6c_30m,248.56,+0.29,fail
2026-07-14 14:34:46,intraday,LONG,SPY,scalp_bias + near_level,84,2026-07-14 14:25,10c_48m,752.52,+0.05,fail
2026-07-14 14:35:58,stock,LONG,AMZN,scalp_bias + cumdelta + near_level,92,2026-07-14 14:30,10c_48m,248.56,+0.42,success
2026-07-14 14:39:50,intraday,LONG,QQQ,liquidity_sweep,75,2026-07-14 14:30,4c_22m,720.84,+0.11,fail
2026-07-14 14:41:18,stock,SHORT,TSLA,scalp_bias + delta + cumdelta,100,2026-07-14 14:35,5c_25m,395.30,-0.04,fail
2026-07-14 14:50:49,levels,LONG,QQQ,above_10min_high,,2026-07-14 14:45,,,,
2026-07-14 14:55:53,levels,SHORT,QQQ,below_10min_high,,2026-07-14 14:50,,,,
2026-07-14 17:15:33,levels,SHORT,SPY,below_10min_high,,2026-07-14 17:10,,,,
2026-07-14 17:20:37,levels,LONG,SPY,above_10min_high,,2026-07-14 17:15,,,,
2026-07-14 18:30:24,levels,LONG,QQQ,above_10min_high,,2026-07-14 18:25,,,,
2026-07-15 08:25:05,levels,LONG,SPY,above_yesterday_high,,2026-07-15 03:35,,,,
2026-07-15 08:25:05,levels,SHORT,SPY,below_yesterday_high,,2026-07-15 05:20,,,,
2026-07-15 08:25:05,levels,LONG,SPY,above_yesterday_high,,2026-07-15 07:30,,,,
2026-07-15 08:25:05,levels,SHORT,QQQ,below_yesterday_high,,2026-07-15 03:20,,,,
2026-07-15 08:25:05,levels,LONG,QQQ,above_yesterday_high,,2026-07-15 03:25,,,,
2026-07-15 08:25:05,levels,SHORT,QQQ,below_yesterday_high,,2026-07-15 07:10,,,,
2026-07-15 08:25:05,levels,LONG,QQQ,above_yesterday_high,,2026-07-15 07:30,,,,
2026-07-15 08:35:14,levels,LONG,SPY,above_postmarket_high,,2026-07-15 08:30,,,,
2026-07-15 08:40:18,levels,SHORT,QQQ,below_yesterday_high,,2026-07-15 08:35,,,,
2026-07-15 08:45:22,levels,SHORT,SPY,below_postmarket_high,,2026-07-15 08:40,,,,
2026-07-15 08:45:22,levels,SHORT,QQQ,below_10min_low,,2026-07-15 08:40,,,,
2026-07-15 08:50:26,levels,SHORT,SPY,below_10min_low,,2026-07-15 08:45,,,,
2026-07-15 08:50:27,levels,SHORT,SPX,below_10min_low,,2026-07-15 08:45,,,,
2026-07-15 08:55:33,stock,LONG,MSFT,adx_di_cross + delta,92,2026-07-15 08:50,6c_28m,396.39,+1.53,success
2026-07-15 09:00:33,levels,LONG,SPY,above_10min_low,,2026-07-15 08:55,,,,
2026-07-15 09:00:34,levels,LONG,SPX,above_10min_low,,2026-07-15 08:55,,,,
2026-07-15 09:00:48,stock,LONG,MSFT,adx_di_cross + momentum,88,2026-07-15 08:55,5c_25m,397.64,+2.08,success
2026-07-15 09:05:21,intraday,LONG,SPY,scalp_bias + delta + near_level,89,2026-07-15 09:00,6c_28m,755.56,+0.10,fail
2026-07-15 09:05:37,levels,LONG,SPY,above_postmarket_high,,2026-07-15 09:00,,,,
2026-07-15 09:06:01,stock,LONG,MSFT,adx_di_cross + delta,92,2026-07-15 09:00,6c_28m,397.64,+1.26,success
2026-07-15 09:10:25,intraday,LONG,SPX,scalp_bias + delta + near_level,89,2026-07-15 09:05,6c_28m,7581.50,+0.06,fail
2026-07-15 09:10:42,levels,LONG,QQQ,above_10min_low,,2026-07-15 09:05,,,,
2026-07-15 09:11:16,stock,LONG,META,adx_di_cross + momentum + adx_strong,75,2026-07-15 09:05,4c_22m,672.32,+0.29,fail
2026-07-15 09:15:30,intraday,LONG,SPY,scalp_bias + near_level,84,2026-07-15 09:10,10c_48m,755.56,+0.11,fail
2026-07-15 09:15:46,levels,SHORT,QQQ,below_10min_low,,2026-07-15 09:10,,,,
2026-07-15 09:20:36,intraday,LONG,SPY,scalp_bias + delta + near_level,89,2026-07-15 09:15,6c_28m,755.37,+0.01,fail
2026-07-15 09:20:36,intraday,LONG,SPX,scalp_bias + delta + near_level,89,2026-07-15 09:15,6c_28m,7579.08,+0.00,fail
2026-07-15 09:22:01,stock,SHORT,SPCX,adx_di_cross,90,2026-07-15 09:15,15c_75m,135.33,-1.25,success
2026-07-15 09:25:42,intraday,SHORT,QQQ,scalp_bias + near_level,94,2026-07-15 09:20,14c_70m,713.58,-0.48,success
2026-07-15 09:25:53,levels,SHORT,SPY,below_postmarket_high,,2026-07-15 09:20,,,,
2026-07-15 09:25:53,levels,SHORT,SPY,below_10min_low,,2026-07-15 09:20,,,,
2026-07-15 09:25:54,levels,SHORT,QQQ,below_postmarket_low,,2026-07-15 09:20,,,,
2026-07-15 09:25:54,levels,SHORT,SPX,below_10min_low,,2026-07-15 09:20,,,,
2026-07-15 09:27:21,stock,SHORT,NVDA,adx_di_cross,90,2026-07-15 09:20,15c_75m,208.37,-0.75,success
2026-07-15 09:30:50,intraday,LONG,SPX,scalp_bias + delta,85,2026-07-15 09:25,6c_30m,7573.59,+0.02,fail
2026-07-15 09:30:57,levels,LONG,SPY,above_postmarket_high,,2026-07-15 09:25,,,,
2026-07-15 09:30:57,levels,LONG,SPY,above_10min_low,,2026-07-15 09:25,,,,
2026-07-15 09:30:58,levels,LONG,SPX,above_10min_low,,2026-07-15 09:25,,,,
2026-07-15 09:35:55,intraday,SHORT,QQQ,scalp_bias + delta,90,2026-07-15 09:30,5c_25m,713.72,-0.51,success
2026-07-15 09:37:02,levels,SHORT,SPY,below_postmarket_high,,2026-07-15 09:35,,,,
2026-07-15 09:37:02,levels,SHORT,SPY,below_10min_low,,2026-07-15 09:35,,,,
2026-07-15 09:54:09,stock,SHORT,TSLA,scalp_bias + cumdelta,100,2026-07-15 09:45,6c_30m,394.90,-0.26,fail
2026-07-15 09:55:20,levels,SHORT,SPY,below_yesterday_high,,2026-07-15 09:50,,,,
2026-07-15 09:55:21,levels,SHORT,SPX,below_yesterday_high,,2026-07-15 09:50,,,,
2026-07-15 09:56:16,intraday,SHORT,SPY,scalp_bias + near_level,94,2026-07-15 09:50,14c_70m,751.76,-0.17,fail
2026-07-15 09:59:31,stock,SHORT,TSLA,scalp_bias + delta + cumdelta,100,2026-07-15 09:50,5c_25m,395.07,-0.06,fail
2026-07-15 10:00:24,levels,LONG,SPY,above_yesterday_high,,2026-07-15 09:55,,,,
2026-07-15 10:00:24,levels,LONG,SPX,above_yesterday_high,,2026-07-15 09:55,,,,
2026-07-15 10:01:23,intraday,SHORT,SPY,scalp_bias + momentum,90,2026-07-15 09:55,4c_20m,752.20,-0.17,fail
2026-07-15 10:04:54,stock,SHORT,TSLA,scalp_bias + cumdelta,100,2026-07-15 09:55,6c_30m,395.29,-0.18,fail
2026-07-15 10:05:28,levels,SHORT,SPY,below_yesterday_high,,2026-07-15 10:00,,,,
2026-07-15 10:05:29,levels,SHORT,SPX,below_yesterday_high,,2026-07-15 10:00,,,,
2026-07-15 10:06:29,intraday,SHORT,SPY,scalp_bias + near_level,94,2026-07-15 10:00,14c_70m,751.14,-0.27,success
2026-07-15 10:10:19,stock,SHORT,LLY,mechanical_trigger + near_level,75,2026-07-15 10:05,15c_75m,1138.32,-0.06,fail
2026-07-15 10:10:33,levels,LONG,SPY,above_yesterday_high,,2026-07-15 10:05,,,,
2026-07-15 10:10:33,levels,LONG,SPX,above_yesterday_high,,2026-07-15 10:05,,,,
2026-07-15 10:11:35,intraday,SHORT,SPY,mechanical_trigger + scalp_bias,93,2026-07-15 10:05,23c_115m,750.20,-0.51,success
2026-07-15 10:15:36,levels,SHORT,SPY,below_yesterday_high,,2026-07-15 10:10,,,,
2026-07-15 10:15:37,levels,SHORT,SPX,below_yesterday_high,,2026-07-15 10:10,,,,
2026-07-15 10:16:40,intraday,SHORT,SPY,scalp_bias + near_level,94,2026-07-15 10:10,14c_70m,750.44,-0.36,success
2026-07-15 10:20:42,levels,LONG,SPX,above_yesterday_high,,2026-07-15 10:15,,,,
2026-07-15 10:21:09,stock,SHORT,NVDA,adx_di_cross,90,2026-07-15 10:15,15c_75m,206.22,-1.28,success
2026-07-15 10:25:46,levels,SHORT,SPX,below_yesterday_high,,2026-07-15 10:20,,,,
2026-07-15 10:30:50,levels,LONG,SPY,above_yesterday_high,,2026-07-15 10:25,,,,
2026-07-15 10:30:50,levels,LONG,SPX,above_yesterday_high,,2026-07-15 10:25,,,,
2026-07-15 10:31:59,intraday,SHORT,SPY,mechanical_trigger + scalp_bias,93,2026-07-15 10:25,23c_115m,750.20,-0.45,success
2026-07-15 10:45:01,levels,SHORT,SPY,below_yesterday_high,,2026-07-15 10:40,,,,
2026-07-15 10:45:02,levels,SHORT,SPX,below_yesterday_high,,2026-07-15 10:40,,,,
2026-07-15 10:47:21,intraday,SHORT,SPY,scalp_bias + near_level,94,2026-07-15 10:40,14c_70m,750.20,-0.39,success
2026-07-15 10:47:21,intraday,SHORT,QQQ,scalp_bias + near_level,94,2026-07-15 10:40,14c_70m,710.23,-0.75,success
2026-07-15 10:52:27,intraday,SHORT,SPX,scalp_bias + delta + cumdelta,95,2026-07-15 10:45,5c_25m,7536.98,-0.23,fail
2026-07-15 10:52:27,intraday,SHORT,QQQ,scalp_bias + delta,90,2026-07-15 10:45,5c_25m,712.07,-0.43,success
2026-07-15 10:57:33,intraday,SHORT,QQQ,scalp_bias + near_level,94,2026-07-15 10:50,14c_70m,710.23,-0.64,success
2026-07-15 10:57:33,intraday,SHORT,SPY,mechanical_trigger + scalp_bias,93,2026-07-15 10:50,23c_115m,750.20,-0.33,success
2026-07-15 10:58:41,stock,SHORT,SPCX,mechanical_trigger,94,2026-07-15 10:50,2c_12m,135.17,-0.51,success
2026-07-15 11:02:40,intraday,SHORT,SPX,scalp_bias + near_level,94,2026-07-15 10:55,14c_70m,7526.95,-0.34,success
2026-07-15 11:03:58,stock,LONG,MSFT,scalp_bias + cumdelta + near_level,92,2026-07-15 10:55,10c_48m,398.96,+0.42,success
2026-07-15 11:05:21,levels,SHORT,QQQ,below_yesterday_low,,2026-07-15 11:00,,,,
2026-07-15 11:07:46,intraday,SHORT,SPX,scalp_bias + delta + cumdelta,95,2026-07-15 11:00,5c_25m,7529.46,-0.22,fail
2026-07-15 11:07:46,intraday,SHORT,SPY,scalp_bias + near_level,94,2026-07-15 11:00,14c_70m,750.20,-0.25,fail
2026-07-15 11:12:51,intraday,SHORT,SPY,scalp_bias + delta + cumdelta,95,2026-07-15 11:05,5c_25m,750.44,-0.20,fail
2026-07-15 11:15:29,levels,SHORT,SPX,below_postmarket_high,,2026-07-15 11:10,,,,
2026-07-15 11:15:29,levels,SHORT,SPX,below_postmarket_low,,2026-07-15 11:10,,,,
2026-07-15 11:30:33,stock,SHORT,LLY,adx_di_cross + near_level,79,2026-07-15 11:25,12c_58m,1138.50,-0.06,fail
2026-07-15 11:33:19,intraday,SHORT,SPY,mechanical_trigger + scalp_bias + cumdelta,93,2026-07-15 11:25,23c_115m,750.20,-0.08,fail
2026-07-15 11:35:55,stock,LONG,AMZN,scalp_bias + cumdelta + near_level,92,2026-07-15 11:30,10c_48m,256.32,+0.17,fail
2026-07-15 11:38:27,intraday,SHORT,SPY,scalp_bias + delta + cumdelta,95,2026-07-15 11:30,5c_25m,750.20,-0.05,fail
2026-07-15 11:41:21,stock,LONG,AMZN,scalp_bias + delta + cumdelta,91,2026-07-15 11:35,6c_30m,256.32,+0.02,fail
2026-07-15 11:47:05,stock,LONG,AMZN,scalp_bias + cumdelta + near_level,92,2026-07-15 11:40,10c_48m,256.10,+0.20,fail
2026-07-15 11:48:44,intraday,SHORT,SPX,scalp_bias + near_level,94,2026-07-15 11:40,14c_70m,7532.18,-0.02,fail
2026-07-15 12:05:20,levels,LONG,SPX,above_postmarket_high,,2026-07-15 12:00,,,,
2026-07-15 12:05:20,levels,LONG,SPX,above_postmarket_low,,2026-07-15 12:00,,,,
2026-07-15 12:15:30,levels,SHORT,SPX,below_postmarket_high,,2026-07-15 12:10,,,,
2026-07-15 12:15:30,levels,SHORT,SPX,below_postmarket_low,,2026-07-15 12:10,,,,
2026-07-15 12:20:35,levels,LONG,QQQ,above_yesterday_low,,2026-07-15 12:15,,,,
2026-07-15 12:20:35,levels,LONG,SPX,above_postmarket_high,,2026-07-15 12:15,,,,
2026-07-15 12:20:35,levels,LONG,SPX,above_postmarket_low,,2026-07-15 12:15,,,,
2026-07-15 12:21:20,stock,LONG,AMZN,adx_di_cross + delta + cumdelta,96,2026-07-15 12:15,5c_25m,255.27,+0.00,fail
2026-07-15 12:26:35,stock,LONG,AMZN,adx_di_cross,84,2026-07-15 12:20,7c_35m,255.24,+0.23,fail
2026-07-15 12:31:49,stock,LONG,AMZN,adx_di_cross + delta + cumdelta,96,2026-07-15 12:25,5c_25m,255.24,+0.07,fail
2026-07-15 12:40:42,intraday,LONG,SPY,scalp_bias + delta + near_level,89,2026-07-15 12:35,6c_28m,754.55,+0.15,fail
2026-07-15 12:40:42,intraday,LONG,SPX,scalp_bias + delta + near_level,89,2026-07-15 12:35,6c_28m,7571.41,+0.15,fail
2026-07-15 12:40:51,levels,LONG,SPY,above_yesterday_high,,2026-07-15 12:35,,,,
2026-07-15 12:40:51,levels,LONG,SPX,above_yesterday_high,,2026-07-15 12:35,,,,
2026-07-15 12:42:17,stock,LONG,AAPL,adx_di_cross + delta,92,2026-07-15 12:35,6c_28m,328.00,+0.05,fail
2026-07-15 12:45:46,intraday,LONG,SPY,scalp_bias + near_level,84,2026-07-15 12:40,10c_48m,754.84,+0.20,fail
2026-07-15 12:45:46,intraday,LONG,SPX,scalp_bias + near_level,84,2026-07-15 12:40,10c_48m,7574.11,+0.20,fail
2026-07-15 12:47:33,stock,LONG,AAPL,adx_di_cross,84,2026-07-15 12:40,7c_35m,327.73,+0.16,fail
2026-07-15 12:50:50,intraday,LONG,SPX,scalp_bias + delta + near_level,89,2026-07-15 12:45,6c_28m,7573.15,+0.09,fail
2026-07-15 12:50:50,intraday,LONG,SPY,scalp_bias + delta,85,2026-07-15 12:45,6c_30m,754.74,+0.09,fail
2026-07-15 12:50:50,intraday,LONG,QQQ,scalp_bias + delta,85,2026-07-15 12:45,6c_30m,718.28,+0.18,fail
2026-07-15 12:52:48,stock,LONG,AAPL,adx_di_cross + delta,92,2026-07-15 12:45,6c_28m,327.71,+0.05,fail
2026-07-15 12:55:01,levels,LONG,SPY,above_10min_low,,2026-07-15 12:50,,,,
2026-07-15 12:55:02,levels,LONG,SPX,above_10min_low,,2026-07-15 12:50,,,,
2026-07-15 12:56:02,levels,SHORT,SPX,below_10min_low,,2026-07-15 12:55,,,,
2026-07-15 12:58:01,stock,SHORT,MU,liquidity_sweep,73,2026-07-15 12:50,19c_95m,895.10,-1.82,success
2026-07-15 13:00:58,intraday,LONG,SPX,scalp_bias + near_level,84,2026-07-15 12:55,10c_48m,7574.84,+0.10,fail
2026-07-15 13:06:02,intraday,LONG,SPX,scalp_bias + delta + near_level,89,2026-07-15 13:00,6c_28m,7574.11,+0.07,fail
2026-07-15 13:06:10,levels,LONG,SPY,above_10min_low,,2026-07-15 13:00,,,,
2026-07-15 13:08:29,stock,SHORT,META,adx_di_cross,90,2026-07-15 13:00,15c_75m,673.39,-0.20,fail
2026-07-15 13:10:13,levels,LONG,SPY,above_postmarket_high,,2026-07-15 13:05,,,,
2026-07-15 13:10:14,levels,LONG,SPX,above_10min_low,,2026-07-15 13:05,,,,
2026-07-15 13:11:06,intraday,LONG,SPY,scalp_bias + delta + near_level,89,2026-07-15 13:10,6c_28m,754.92,+0.05,fail
2026-07-15 13:13:44,stock,LONG,NVDA,vidya_dmi,75,2026-07-15 13:05,2c_10m,210.52,+0.10,fail
2026-07-15 13:16:11,intraday,LONG,SPY,scalp_bias + near_level,84,2026-07-15 13:10,10c_48m,754.92,+0.05,fail
2026-07-15 13:16:11,intraday,LONG,QQQ,scalp_bias + near_level,84,2026-07-15 13:10,10c_48m,718.59,+0.08,fail
2026-07-15 13:18:58,stock,LONG,AAPL,scalp_bias + cumdelta + near_level,92,2026-07-15 13:10,10c_48m,327.86,+0.08,fail
2026-07-15 13:18:58,stock,LONG,MSFT,adx_di_cross + delta,92,2026-07-15 13:10,6c_28m,397.15,+0.14,fail
2026-07-15 13:20:21,levels,SHORT,SPY,below_postmarket_high,,2026-07-15 13:15,,,,
2026-07-15 13:20:22,levels,SHORT,SPX,below_10min_low,,2026-07-15 13:15,,,,
2026-07-15 13:21:15,intraday,LONG,SPX,scalp_bias + near_level,84,2026-07-15 13:15,10c_48m,7574.84,+0.07,fail
2026-07-15 13:24:15,stock,LONG,MSFT,adx_di_cross + momentum,88,2026-07-15 13:15,5c_25m,397.12,+0.14,fail
2026-07-15 13:25:25,levels,LONG,SPY,above_postmarket_high,,2026-07-15 13:20,,,,
2026-07-15 13:25:26,levels,LONG,SPX,above_10min_low,,2026-07-15 13:20,,,,
2026-07-15 13:26:18,intraday,LONG,SPY,scalp_bias + delta + near_level,89,2026-07-15 13:20,6c_28m,754.92,+0.03,fail
2026-07-15 13:26:18,intraday,LONG,QQQ,scalp_bias + delta,85,2026-07-15 13:20,6c_30m,718.48,+0.01,fail
2026-07-15 13:26:18,intraday,LONG,SPX,scalp_bias + delta,85,2026-07-15 13:20,6c_30m,7574.84,+0.02,fail
2026-07-15 13:31:22,intraday,LONG,SPY,scalp_bias + near_level,84,2026-07-15 13:25,10c_48m,754.92,+0.04,fail
2026-07-15 13:31:22,intraday,LONG,QQQ,scalp_bias + near_level,84,2026-07-15 13:25,10c_48m,718.43,+0.04,fail
2026-07-15 13:34:43,stock,LONG,META,scalp_bias + delta,90,2026-07-15 13:25,6c_30m,677.69,+0.05,fail
2026-07-15 13:36:26,intraday,LONG,SPY,scalp_bias + delta + near_level,89,2026-07-15 13:30,6c_28m,754.82,+0.00,fail
2026-07-15 13:40:38,levels,SHORT,SPY,below_postmarket_high,,2026-07-15 13:35,,,,
2026-07-15 13:45:41,levels,SHORT,SPY,below_10min_low,,2026-07-15 13:40,,,,
2026-07-15 13:45:42,levels,SHORT,SPX,below_10min_low,,2026-07-15 13:40,,,,
2026-07-15 13:50:27,stock,SHORT,META,adx_di_cross,90,2026-07-15 13:45,15c_75m,673.39,-0.09,fail
2026-07-15 13:50:27,stock,LONG,NVDA,scalp_bias + momentum,90,2026-07-15 13:45,6c_28m,212.01,+0.72,success
2026-07-15 13:50:27,stock,LONG,AAPL,scalp_bias,89,2026-07-15 13:45,8c_40m,328.72,+0.48,success
2026-07-15 13:55:52,stock,SHORT,TSLA,scalp_bias + delta + cumdelta,100,2026-07-15 13:50,5c_25m,394.55,-0.20,fail
2026-07-15 13:55:52,stock,LONG,AAPL,scalp_bias + cumdelta + near_level,92,2026-07-15 13:50,10c_48m,328.72,+0.46,success
2026-07-15 13:55:52,stock,LONG,NVDA,scalp_bias,89,2026-07-15 13:50,8c_40m,212.01,+0.90,success
2026-07-15 14:00:54,levels,SHORT,SPY,below_yesterday_high,,2026-07-15 13:55,,,,
2026-07-15 14:00:55,levels,SHORT,SPX,below_yesterday_high,,2026-07-15 13:55,,,,
2026-07-15 14:01:50,intraday,SHORT,SPY,scalp_bias + near_level,94,2026-07-15 13:55,14c_70m,753.05,-0.02,fail
2026-07-15 14:05:01,levels,LONG,SPY,above_yesterday_high,,2026-07-15 14:00,,,,
2026-07-15 14:05:01,levels,LONG,SPX,above_yesterday_high,,2026-07-15 14:00,,,,
2026-07-15 14:06:35,stock,SHORT,TSLA,scalp_bias + cumdelta,100,2026-07-15 14:00,6c_30m,394.30,-0.35,fail
2026-07-15 14:06:35,stock,LONG,AAPL,adx_di_cross + delta,92,2026-07-15 14:00,6c_28m,328.70,+0.03,fail
2026-07-15 14:11:56,stock,LONG,META,scalp_bias + delta,90,2026-07-15 14:05,6c_30m,678.89,+0.17,fail
2026-07-15 14:11:56,stock,LONG,AAPL,adx_di_cross,84,2026-07-15 14:05,7c_35m,328.30,+0.04,fail
2026-07-15 14:17:20,stock,LONG,META,scalp_bias + near_level,89,2026-07-15 14:10,10c_48m,682.03,+0.68,success
2026-07-15 14:27:42,intraday,SHORT,SPY,scalp_bias + delta + cumdelta,95,2026-07-15 14:20,5c_25m,753.09,-0.03,fail
2026-07-15 14:27:42,intraday,SHORT,SPX,scalp_bias + delta + cumdelta,95,2026-07-15 14:20,5c_25m,7556.71,-0.02,fail
2026-07-15 14:27:42,intraday,SHORT,QQQ,scalp_bias + near_level,94,2026-07-15 14:20,14c_70m,714.92,-0.05,fail
2026-07-15 14:28:45,stock,LONG,META,scalp_bias + delta,90,2026-07-15 14:20,6c_30m,681.50,+0.64,success
2026-07-15 14:35:33,levels,SHORT,SPY,below_yesterday_high,,2026-07-15 14:30,,,,
2026-07-15 14:38:10,intraday,SHORT,SPY,scalp_bias + delta + cumdelta,95,2026-07-15 14:30,5c_25m,753.13,-0.02,fail
2026-07-15 14:38:10,intraday,SHORT,SPX,scalp_bias + delta + cumdelta,95,2026-07-15 14:30,5c_25m,7556.71,-0.02,fail
2026-07-15 14:40:39,levels,LONG,SPY,above_yesterday_high,,2026-07-15 14:35,,,,
2026-07-15 15:00:51,levels,LONG,SPY,above_postmarket_high,,2026-07-15 14:55,,,,
2026-07-15 15:00:51,levels,LONG,SPY,above_10min_low,,2026-07-15 14:55,,,,
2026-07-15 15:00:52,levels,LONG,SPX,above_10min_low,,2026-07-15 14:55,,,,
2026-07-15 15:10:08,levels,SHORT,SPY,below_postmarket_high,,2026-07-15 15:05,,,,
2026-07-15 15:20:31,levels,LONG,SPY,above_postmarket_high,,2026-07-15 15:15,,,,
2026-07-15 15:36:00,levels,SHORT,SPY,below_postmarket_high,,2026-07-15 15:30,,,,
2026-07-15 15:38:06,levels,LONG,SPY,above_postmarket_high,,2026-07-15 15:35,,,,
2026-07-15 16:05:35,levels,SHORT,SPY,below_postmarket_high,,2026-07-15 16:00,,,,
2026-07-15 16:10:39,levels,LONG,SPY,above_postmarket_high,,2026-07-15 16:05,,,,
2026-07-16 08:25:04,levels,SHORT,QQQ,below_yesterday_low,,2026-07-16 06:45,,,,
2026-07-16 08:25:04,levels,LONG,QQQ,above_yesterday_low,,2026-07-16 06:50,,,,
2026-07-16 08:25:04,levels,SHORT,QQQ,below_yesterday_low,,2026-07-16 07:20,,,,
2026-07-16 08:25:04,levels,LONG,QQQ,above_yesterday_low,,2026-07-16 07:25,,,,
2026-07-16 08:25:04,levels,SHORT,QQQ,below_yesterday_low,,2026-07-16 07:35,,,,
2026-07-16 08:25:04,levels,LONG,QQQ,above_yesterday_low,,2026-07-16 07:45,,,,
2026-07-16 08:40:16,levels,SHORT,QQQ,below_yesterday_low,,2026-07-16 08:35,,,,
2026-07-16 08:45:21,levels,SHORT,SPY,below_10min_low,,2026-07-16 08:40,,,,
2026-07-16 08:45:21,levels,SHORT,QQQ,below_10min_low,,2026-07-16 08:40,,,,
2026-07-16 08:45:21,levels,SHORT,SPX,below_10min_low,,2026-07-16 08:40,,,,
2026-07-16 08:50:25,levels,SHORT,SPY,below_postmarket_low,,2026-07-16 08:45,,,,
2026-07-16 08:55:14,intraday,SHORT,SPX,scalp_bias + adx_strong,90,2026-07-16 08:50,5c_25m,7536.58,-0.04,fail
2026-07-16 08:55:29,levels,LONG,SPY,above_postmarket_low,,2026-07-16 08:50,,,,
2026-07-16 08:55:34,stock,LONG,META,liquidity_sweep,86,2026-07-16 08:50,3c_15m,672.73,+0.19,fail
2026-07-16 08:55:34,stock,LONG,AMZN,liquidity_sweep,86,2026-07-16 08:50,3c_15m,254.84,+0.20,fail
2026-07-16 09:00:33,levels,LONG,SPY,above_10min_low,,2026-07-16 08:55,,,,
2026-07-16 09:00:33,levels,LONG,SPX,above_10min_low,,2026-07-16 08:55,,,,
2026-07-16 09:05:37,levels,LONG,QQQ,above_yesterday_low,,2026-07-16 09:00,,,,
2026-07-16 09:05:37,levels,LONG,QQQ,above_10min_low,,2026-07-16 09:00,,,,
2026-07-16 09:11:14,stock,SHORT,AAPL,adx_di_cross,86,2026-07-16 09:05,4c_20m,327.90,-0.10,fail
2026-07-16 09:20:48,levels,LONG,SPY,above_10min_high,,2026-07-16 09:15,,,,
2026-07-16 09:20:49,levels,LONG,SPX,above_10min_high,,2026-07-16 09:15,,,,
2026-07-16 09:21:40,stock,LONG,NVDA,adx_di_cross + delta,88,2026-07-16 09:15,4c_20m,209.15,+0.19,fail
2026-07-16 09:37:19,stock,LONG,AMZN,mechanical_trigger + adx_strong,100,2026-07-16 09:30,4c_20m,257.12,+0.22,fail
2026-07-16 09:42:32,stock,SHORT,NVDA,mechanical_trigger + delta + near_level,92,2026-07-16 09:35,6c_32m,205.85,-1.17,success
2026-07-16 09:42:32,stock,LONG,META,mechanical_trigger,76,2026-07-16 09:35,10c_52m,681.90,+0.51,success
2026-07-16 09:47:45,stock,SHORT,NVDA,mechanical_trigger + scalp_bias + momentum,86,2026-07-16 09:40,4c_20m,206.00,-0.89,success
2026-07-16 09:47:45,stock,LONG,META,scalp_bias + momentum + adx_strong,83,2026-07-16 09:40,4c_20m,681.90,+0.44,success
2026-07-16 09:52:57,stock,LONG,META,scalp_bias + cumdelta + adx_strong,83,2026-07-16 09:45,4c_20m,681.90,+0.37,fail
2026-07-16 09:55:58,intraday,SHORT,QQQ,adx_di_cross + delta,84,2026-07-16 09:50,4c_20m,708.92,-0.19,fail
2026-07-16 09:58:11,stock,SHORT,SPCX,adx_di_cross + delta,96,2026-07-16 09:50,4c_20m,133.90,-0.41,success
2026-07-16 09:58:11,stock,SHORT,NVDA,adx_di_cross + cumdelta,93,2026-07-16 09:50,4c_20m,205.85,-0.32,fail
2026-07-16 10:03:25,stock,SHORT,SPCX,adx_di_cross + cumdelta,93,2026-07-16 09:55,4c_20m,133.70,-0.85,success
2026-07-16 10:03:25,stock,SHORT,AMZN,adx_di_cross + near_level,81,2026-07-16 09:55,8c_40m,254.82,-0.04,fail
2026-07-16 10:06:05,intraday,SHORT,QQQ,scalp_bias + delta + cumdelta,87,2026-07-16 10:00,4c_20m,708.92,-0.25,success
2026-07-16 10:08:37,stock,SHORT,SPCX,adx_di_cross + delta,96,2026-07-16 10:00,4c_20m,133.70,-0.45,success
2026-07-16 10:13:51,stock,SHORT,SPCX,adx_di_cross + cumdelta,93,2026-07-16 10:05,4c_20m,133.70,-0.47,success
2026-07-16 10:15:32,levels,SHORT,SPY,below_10min_high,,2026-07-16 10:10,,,,
2026-07-16 10:15:32,levels,SHORT,QQQ,below_yesterday_low,,2026-07-16 10:10,,,,
2026-07-16 10:15:32,levels,SHORT,QQQ,below_10min_low,,2026-07-16 10:10,,,,
2026-07-16 10:15:33,levels,SHORT,SPX,below_10min_high,,2026-07-16 10:10,,,,
2026-07-16 10:19:03,stock,SHORT,SPCX,adx_di_cross + delta,96,2026-07-16 10:10,4c_20m,133.70,-0.40,fail
2026-07-16 10:20:36,levels,LONG,SPY,above_10min_high,,2026-07-16 10:15,,,,
2026-07-16 10:20:36,levels,LONG,QQQ,above_10min_low,,2026-07-16 10:15,,,,
2026-07-16 10:20:36,levels,LONG,SPX,above_10min_high,,2026-07-16 10:15,,,,
2026-07-16 10:24:17,stock,SHORT,SPCX,adx_di_cross + cumdelta,93,2026-07-16 10:15,4c_20m,134.20,-0.13,fail
2026-07-16 10:24:17,stock,LONG,MSFT,mechanical_trigger + delta + adx_strong,67,2026-07-16 10:15,2c_10m,399.64,+0.39,fail
2026-07-16 10:29:32,stock,LONG,MSFT,adx_di_cross + adx_strong,75,2026-07-16 10:20,5c_25m,399.64,+0.23,fail
2026-07-16 10:30:44,levels,LONG,QQQ,above_yesterday_low,,2026-07-16 10:25,,,,
2026-07-16 10:34:44,stock,LONG,AMZN,adx_di_cross + near_level + momentum,88,2026-07-16 10:25,6c_30m,256.36,+0.25,fail
2026-07-16 10:34:44,stock,LONG,MSFT,adx_di_cross + cumdelta + adx_strong,78,2026-07-16 10:25,3c_15m,399.50,+0.14,fail
2026-07-16 10:39:59,stock,SHORT,SPCX,adx_di_cross + cumdelta,93,2026-07-16 10:30,4c_20m,134.01,-0.95,success
2026-07-16 10:45:12,stock,SHORT,SPCX,adx_di_cross + delta,96,2026-07-16 10:40,4c_20m,133.77,-0.97,success
2026-07-16 10:51:00,levels,SHORT,QQQ,below_yesterday_low,,2026-07-16 10:45,,,,
2026-07-16 10:54:03,levels,LONG,QQQ,above_yesterday_low,,2026-07-16 10:50,,,,
2026-07-16 10:55:38,stock,LONG,AMZN,mechanical_trigger + delta,84,2026-07-16 10:50,10c_50m,256.41,+0.12,fail
2026-07-16 11:00:07,levels,SHORT,QQQ,below_yesterday_low,,2026-07-16 10:55,,,,
2026-07-16 11:00:50,stock,SHORT,SPCX,mechanical_trigger + adx_strong,86,2026-07-16 10:55,5c_25m,132.60,-1.32,success
2026-07-16 11:00:50,stock,SHORT,META,mechanical_trigger + delta + cumdelta,80,2026-07-16 10:55,2c_12m,671.50,-0.46,success
2026-07-16 11:05:10,levels,SHORT,SPY,below_10min_high,,2026-07-16 11:00,,,,
2026-07-16 11:05:11,levels,SHORT,QQQ,below_10min_low,,2026-07-16 11:00,,,,
2026-07-16 11:05:11,levels,SHORT,SPX,below_10min_high,,2026-07-16 11:00,,,,
2026-07-16 11:06:04,stock,SHORT,TSLA,adx_di_cross + delta,96,2026-07-16 11:00,4c_20m,387.80,-0.63,success
2026-07-16 11:06:04,stock,LONG,AMZN,mechanical_trigger,76,2026-07-16 11:00,10c_52m,256.37,+0.08,fail
2026-07-16 11:11:17,stock,SHORT,META,mechanical_trigger + cumdelta + momentum,75,2026-07-16 11:05,4c_20m,668.38,-0.60,success
2026-07-16 11:11:17,stock,LONG,AMZN,scalp_bias,72,2026-07-16 11:05,5c_25m,256.34,+0.08,fail
2026-07-16 11:11:53,intraday,SHORT,SPX,scalp_bias + cumdelta + near_level,83,2026-07-16 11:05,6c_28m,7539.74,-0.20,fail
2026-07-16 11:11:53,intraday,SHORT,QQQ,scalp_bias + cumdelta,82,2026-07-16 11:05,5c_25m,707.12,-0.26,success
2026-07-16 11:16:30,stock,LONG,AMZN,scalp_bias + delta,78,2026-07-16 11:10,6c_30m,256.34,+0.06,fail
2026-07-16 11:16:57,intraday,SHORT,SPX,scalp_bias + delta + cumdelta,87,2026-07-16 11:10,4c_20m,7539.74,-0.08,fail
2026-07-16 11:21:43,stock,LONG,AMZN,scalp_bias,72,2026-07-16 11:15,5c_25m,256.09,+0.00,fail
2026-07-16 11:22:01,intraday,SHORT,SPY,mechanical_trigger + adx_strong,92,2026-07-16 11:15,5c_25m,751.45,-0.10,fail
2026-07-16 11:22:01,intraday,SHORT,SPX,scalp_bias + cumdelta,82,2026-07-16 11:15,5c_25m,7539.74,-0.10,fail
2026-07-16 11:27:05,intraday,SHORT,SPX,mechanical_trigger + delta + cumdelta,90,2026-07-16 11:20,2c_12m,7539.74,-0.02,fail
2026-07-16 11:32:11,intraday,SHORT,SPX,mechanical_trigger + adx_strong,92,2026-07-16 11:25,5c_25m,7542.45,-0.03,fail
2026-07-16 11:32:13,stock,LONG,AMZN,scalp_bias + delta,78,2026-07-16 11:25,6c_30m,256.58,+0.32,fail
2026-07-16 11:37:17,intraday,SHORT,SPY,scalp_bias + cumdelta + momentum,80,2026-07-16 11:30,15c_75m,751.08,-0.15,fail
2026-07-16 11:42:20,intraday,SHORT,SPY,scalp_bias + delta + cumdelta,87,2026-07-16 11:35,4c_20m,751.59,-0.04,fail
2026-07-16 11:47:23,intraday,SHORT,SPY,scalp_bias + cumdelta + momentum,80,2026-07-16 11:40,15c_75m,751.08,-0.12,fail
2026-07-16 11:47:55,stock,SHORT,NVDA,mechanical_trigger,82,2026-07-16 11:40,3c_15m,206.82,-0.23,fail
2026-07-16 11:53:10,stock,LONG,AMZN,adx_di_cross + near_level + momentum,88,2026-07-16 11:45,6c_30m,256.67,+0.27,fail
2026-07-16 11:53:10,stock,LONG,MSFT,adx_di_cross + cumdelta + adx_strong,78,2026-07-16 11:45,3c_15m,404.45,+0.24,fail
2026-07-16 11:57:31,intraday,SHORT,SPY,scalp_bias,75,2026-07-16 11:50,4c_22m,752.14,-0.06,fail
2026-07-16 11:58:24,stock,LONG,AMZN,adx_di_cross + delta + momentum,84,2026-07-16 11:50,6c_30m,256.67,+0.15,fail
2026-07-16 12:03:37,stock,LONG,AMZN,adx_di_cross + momentum,79,2026-07-16 11:55,5c_25m,256.67,+0.29,fail
2026-07-16 12:08:51,stock,SHORT,NVDA,adx_di_cross + cumdelta,93,2026-07-16 12:00,4c_20m,206.75,-0.17,fail
2026-07-16 12:08:51,stock,LONG,AMZN,mechanical_trigger + delta,84,2026-07-16 12:00,10c_50m,256.67,+0.26,fail
2026-07-16 12:17:46,intraday,SHORT,SPY,mechanical_trigger + delta + cumdelta,90,2026-07-16 12:10,2c_12m,752.05,-0.02,fail
2026-07-16 12:17:46,intraday,SHORT,QQQ,scalp_bias + adx_strong,90,2026-07-16 12:10,5c_25m,707.18,-0.07,fail
2026-07-16 12:24:33,stock,LONG,AMZN,adx_di_cross + delta + momentum,84,2026-07-16 12:15,6c_30m,256.62,+0.04,fail
2026-07-16 12:27:53,intraday,SHORT,SPY,mechanical_trigger + delta + cumdelta,90,2026-07-16 12:20,2c_12m,752.03,-0.00,fail
2026-07-16 12:29:47,stock,LONG,AMZN,mechanical_trigger,76,2026-07-16 12:20,10c_52m,256.62,+0.20,fail
2026-07-16 12:32:58,intraday,SHORT,SPY,mechanical_trigger + cumdelta,82,2026-07-16 12:25,4c_20m,751.08,-0.22,fail
2026-07-16 12:35:00,stock,LONG,AMZN,adx_di_cross + delta + momentum,84,2026-07-16 12:25,6c_30m,256.60,+0.05,fail
2026-07-16 12:38:01,intraday,SHORT,SPY,mechanical_trigger + delta + cumdelta,90,2026-07-16 12:30,2c_12m,751.10,-0.14,fail
2026-07-16 12:40:13,stock,SHORT,AMZN,adx_di_cross + near_level,81,2026-07-16 12:35,8c_40m,253.52,-0.73,success
2026-07-16 12:43:05,intraday,SHORT,SPX,mechanical_trigger + delta + cumdelta,90,2026-07-16 12:40,2c_12m,7536.00,-0.04,fail
2026-07-16 12:45:27,levels,SHORT,SPY,below_10min_low,,2026-07-16 12:40,,,,
2026-07-16 12:45:27,levels,SHORT,SPX,below_10min_low,,2026-07-16 12:40,,,,
2026-07-16 12:50:30,levels,LONG,SPY,above_10min_low,,2026-07-16 12:45,,,,
2026-07-16 12:50:31,levels,LONG,SPX,above_10min_low,,2026-07-16 12:45,,,,
2026-07-16 12:53:12,intraday,SHORT,SPX,mechanical_trigger + cumdelta + momentum,84,2026-07-16 12:45,4c_20m,7529.65,-0.16,fail
2026-07-16 12:53:12,intraday,SHORT,SPY,adx_di_cross,81,2026-07-16 12:45,4c_20m,750.47,-0.16,fail
2026-07-16 12:55:34,levels,SHORT,SPY,below_10min_low,,2026-07-16 12:50,,,,
2026-07-16 12:55:55,stock,SHORT,NVDA,scalp_bias + cumdelta + momentum,75,2026-07-16 12:50,15c_75m,206.27,-0.17,fail
2026-07-16 12:55:55,stock,LONG,AMZN,adx_di_cross + near_level,71,2026-07-16 12:50,14c_70m,256.15,+0.00,fail
2026-07-16 12:58:16,intraday,SHORT,SPX,scalp_bias + delta + cumdelta,87,2026-07-16 12:50,4c_20m,7529.65,-0.15,fail
2026-07-16 13:00:38,levels,SHORT,SPX,below_10min_low,,2026-07-16 12:55,,,,
2026-07-16 13:05:41,levels,SHORT,SPY,below_postmarket_low,,2026-07-16 13:00,,,,
2026-07-16 13:06:22,stock,SHORT,NVDA,scalp_bias + delta,78,2026-07-16 13:00,3c_15m,206.27,-0.10,fail
2026-07-16 13:08:23,intraday,SHORT,SPX,scalp_bias + adx_strong,90,2026-07-16 13:00,5c_25m,7529.65,-0.06,fail
2026-07-16 13:08:23,intraday,SHORT,SPY,scalp_bias + delta + cumdelta,87,2026-07-16 13:00,4c_20m,750.46,-0.06,fail
2026-07-16 13:11:34,stock,SHORT,NVDA,scalp_bias + near_level,72,2026-07-16 13:05,5c_25m,206.59,-0.13,fail
2026-07-16 13:16:47,stock,SHORT,TSLA,liquidity_sweep + cumdelta,79,2026-07-16 13:10,18c_92m,388.72,-0.15,fail
2026-07-16 13:16:47,stock,SHORT,NVDA,scalp_bias + delta,78,2026-07-16 13:10,3c_15m,206.59,-0.11,fail
2026-07-16 13:16:47,stock,SHORT,META,liquidity_sweep + near_level,75,2026-07-16 13:10,1c_5m,669.05,-0.13,fail
2026-07-16 13:18:31,intraday,SHORT,SPX,mechanical_trigger + adx_strong,92,2026-07-16 13:10,5c_25m,7528.92,-0.04,fail
2026-07-16 13:20:53,levels,LONG,SPY,above_postmarket_low,,2026-07-16 13:15,,,,
2026-07-16 13:22:00,stock,SHORT,AMZN,mechanical_trigger + delta,77,2026-07-16 13:15,3c_15m,252.14,-0.58,success
2026-07-16 13:22:00,stock,SHORT,META,liquidity_sweep + delta,77,2026-07-16 13:15,4c_18m,667.10,-0.37,fail
2026-07-16 13:30:00,levels,SHORT,SPY,below_postmarket_low,,2026-07-16 13:25,,,,
2026-07-16 13:37:39,stock,SHORT,MU,liquidity_sweep + delta,77,2026-07-16 13:30,4c_18m,845.50,-0.65,success
2026-07-16 13:42:52,stock,SHORT,TSLA,liquidity_sweep + cumdelta,79,2026-07-16 13:35,18c_92m,389.16,-0.11,fail
2026-07-16 13:43:50,intraday,SHORT,QQQ,scalp_bias + delta + cumdelta,87,2026-07-16 13:35,4c_20m,705.50,-0.09,fail
2026-07-16 13:48:54,intraday,SHORT,QQQ,scalp_bias + cumdelta + near_level,83,2026-07-16 13:40,6c_28m,705.05,-0.20,fail
2026-07-16 13:59:01,intraday,SHORT,SPX,scalp_bias + adx_strong,90,2026-07-16 13:50,5c_25m,7519.18,-0.12,fail
2026-07-16 13:59:01,intraday,SHORT,QQQ,scalp_bias + delta + cumdelta,87,2026-07-16 13:50,4c_20m,704.93,-0.13,fail
2026-07-16 14:09:10,intraday,SHORT,QQQ,scalp_bias + cumdelta + near_level,83,2026-07-16 14:00,6c_28m,703.59,-0.37,success
2026-07-16 14:10:30,levels,SHORT,SPY,below_yesterday_low,,2026-07-16 14:05,,,,
2026-07-16 14:10:31,levels,SHORT,SPX,below_yesterday_low,,2026-07-16 14:05,,,,
2026-07-16 14:14:16,intraday,SHORT,SPY,scalp_bias + delta + cumdelta,87,2026-07-16 14:05,4c_20m,748.86,-0.12,fail
2026-07-16 14:14:16,intraday,SHORT,QQQ,scalp_bias + delta + cumdelta,87,2026-07-16 14:05,4c_20m,703.59,-0.22,fail
2026-07-16 14:19:21,intraday,SHORT,SPY,scalp_bias + cumdelta + momentum,80,2026-07-16 14:10,15c_75m,747.88,-0.25,success
2026-07-16 14:29:30,intraday,SHORT,SPY,scalp_bias + delta + cumdelta,87,2026-07-16 14:20,4c_20m,748.40,-0.15,fail
2026-07-16 14:30:04,stock,SHORT,TSLA,adx_di_cross + delta,96,2026-07-16 14:25,4c_20m,389.35,-0.24,fail
2026-07-16 14:30:04,stock,SHORT,NVDA,scalp_bias + delta,78,2026-07-16 14:20,3c_15m,206.08,-0.27,fail
2026-07-16 14:35:19,stock,SHORT,NVDA,adx_di_cross + cumdelta,93,2026-07-16 14:30,4c_20m,205.94,-0.29,fail
2026-07-16 14:39:38,intraday,SHORT,SPX,scalp_bias + adx_strong,90,2026-07-16 14:30,5c_25m,7504.02,-0.12,fail
2026-07-16 15:00:08,levels,LONG,SPY,above_yesterday_low,,2026-07-16 14:55,,,,
2026-07-16 15:00:08,levels,LONG,SPX,above_yesterday_low,,2026-07-16 14:55,,,,
2026-07-16 15:10:15,levels,SHORT,SPY,below_yesterday_low,,2026-07-16 15:05,,,,
2026-07-16 15:25:26,levels,LONG,SPY,above_yesterday_low,,2026-07-16 15:20,,,,
2026-07-16 15:30:29,levels,SHORT,SPY,below_yesterday_low,,2026-07-16 15:25,,,,
2026-07-16 17:00:36,levels,LONG,SPY,above_yesterday_low,,2026-07-16 16:55,,,,
2026-07-16 17:15:47,levels,SHORT,SPY,below_yesterday_low,,2026-07-16 17:10,,,,
2026-07-17 08:42:36,levels,SHORT,QQQ,below_10min_low,,2026-07-17 08:35,,,,
2026-07-17 08:45:39,levels,SHORT,QQQ,below_10min_low,,2026-07-17 08:40,,,,
2026-07-17 08:50:42,levels,LONG,SPY,above_10min_high,,2026-07-17 08:45,,,,
2026-07-17 08:50:42,levels,LONG,QQQ,above_10min_low,,2026-07-17 08:45,,,,
2026-07-17 08:50:42,levels,LONG,SPX,above_10min_high,,2026-07-17 08:45,,,,
2026-07-17 08:56:00,stock,SHORT,AAPL,adx_di_cross + near_level + adx_strong,80,2026-07-17 08:50,16c_80m,329.00,-0.97,success
2026-07-17 09:01:13,stock,LONG,MU,liquidity_sweep,82,2026-07-17 08:55,2c_10m,865.12,+2.55,success
2026-07-17 09:05:53,levels,LONG,QQQ,above_10min_high,,2026-07-17 09:00,,,,
2026-07-17 09:32:35,stock,LONG,NVDA,vidya_dmi,83,2026-07-17 09:25,3c_15m,204.65,+0.41,success
2026-07-17 09:37:47,stock,SHORT,TSLA,adx_di_cross + adx_strong,88,2026-07-17 09:30,2c_12m,379.96,-0.02,fail
2026-07-17 09:37:47,stock,SHORT,SPCX,adx_di_cross + delta,80,2026-07-17 09:30,4c_22m,124.79,-0.46,success
2026-07-17 09:37:47,stock,LONG,AAPL,adx_di_cross + adx_strong,76,2026-07-17 09:30,7c_35m,333.96,+0.01,fail
2026-07-17 09:42:59,stock,LONG,NVDA,vidya_dmi + delta + adx_strong,100,2026-07-17 09:35,10c_50m,204.50,-0.02,fail
2026-07-17 09:48:13,stock,LONG,AAPL,adx_di_cross + delta + near_level,90,2026-07-17 09:40,16c_80m,334.87,+0.54,success
2026-07-17 09:48:13,stock,SHORT,TSLA,adx_di_cross + adx_strong,88,2026-07-17 09:40,2c_12m,378.69,-0.37,fail
2026-07-17 09:53:25,stock,SHORT,SPCX,adx_di_cross + delta,80,2026-07-17 09:45,4c_22m,123.22,-1.27,success
2026-07-17 09:58:37,stock,SHORT,SPCX,adx_di_cross,78,2026-07-17 09:50,4c_18m,123.22,-1.34,success
2026-07-17 10:03:50,stock,SHORT,SPCX,adx_di_cross + delta,80,2026-07-17 09:55,4c_22m,123.22,-0.87,success
2026-07-17 10:14:14,stock,SHORT,TSLA,mechanical_trigger + adx_strong,80,2026-07-17 10:05,3c_15m,379.03,-0.28,fail
2026-07-17 10:29:52,stock,SHORT,TSLA,scalp_bias + delta + adx_strong,78,2026-07-17 10:20,4c_20m,378.80,-0.20,fail
2026-07-17 10:35:06,stock,SHORT,TSLA,mechanical_trigger + adx_strong,80,2026-07-17 10:30,3c_15m,378.80,-0.19,fail
2026-07-17 10:35:06,stock,LONG,AAPL,scalp_bias + delta + adx_strong,73,2026-07-17 10:25,15c_75m,334.87,+0.06,fail
2026-07-17 10:45:37,stock,SHORT,TSLA,adx_di_cross + adx_strong,88,2026-07-17 10:40,2c_12m,379.53,-0.13,fail
2026-07-17 11:01:16,stock,SHORT,AAPL,adx_di_cross + near_level,78,2026-07-17 10:55,7c_35m,330.00,-0.71,success
2026-07-17 11:01:16,stock,LONG,TSLA,adx_di_cross + delta + adx_strong,75,2026-07-17 10:55,6c_30m,384.24,+0.46,success
2026-07-17 11:48:23,stock,LONG,MSFT,mechanical_trigger + cumdelta + near_level,80,2026-07-17 11:40,4c_20m,394.79,+0.31,fail
2026-07-17 11:48:23,stock,LONG,SPCX,adx_di_cross + delta + momentum,75,2026-07-17 11:40,2c_10m,126.08,+0.78,success
2026-07-17 11:53:36,stock,LONG,MSFT,scalp_bias + mechanical_trigger + cumdelta,75,2026-07-17 11:45,5c_25m,394.79,+0.14,fail
2026-07-17 11:58:56,stock,LONG,MSFT,mechanical_trigger + cumdelta + near_level,80,2026-07-17 11:50,4c_20m,394.79,+0.06,fail
2026-07-17 12:09:26,stock,LONG,MSFT,scalp_bias + cumdelta + near_level,75,2026-07-17 12:00,4c_20m,394.79,+0.05,fail
2026-07-17 12:14:41,stock,SHORT,AAPL,adx_di_cross + near_level,78,2026-07-17 12:05,7c_35m,329.16,-0.34,fail
2026-07-17 12:25:16,stock,LONG,MSFT,scalp_bias + cumdelta + near_level,75,2026-07-17 12:20,4c_20m,395.46,+0.20,fail
2026-07-17 12:32:40,intraday,LONG,SPY,scalp_bias + cumdelta,73,2026-07-17 12:25,7c_35m,746.99,+0.02,fail
2026-07-17 12:35:46,stock,LONG,MSFT,scalp_bias + cumdelta + momentum,71,2026-07-17 12:30,6c_30m,395.46,+0.12,fail
2026-07-17 12:56:43,stock,SHORT,AMZN,mechanical_trigger + delta,71,2026-07-17 12:50,4c_20m,246.90,-0.13,fail
2026-07-17 12:57:59,intraday,SHORT,SPX,mechanical_trigger + delta + near_level,90,2026-07-17 12:50,4c_20m,7466.15,-0.12,fail
2026-07-17 13:03:03,intraday,SHORT,SPY,scalp_bias,83,2026-07-17 12:55,4c_20m,743.59,-0.13,fail
2026-07-17 13:07:10,stock,LONG,MSFT,scalp_bias + cumdelta + near_level,75,2026-07-17 13:00,4c_20m,395.97,+0.18,fail
2026-07-17 13:08:07,intraday,SHORT,SPY,mechanical_trigger + near_level + momentum,88,2026-07-17 13:00,4c_18m,743.59,-0.14,fail
2026-07-17 13:08:07,intraday,SHORT,SPX,scalp_bias,83,2026-07-17 13:00,4c_20m,7461.57,-0.14,fail
2026-07-17 13:13:10,intraday,SHORT,SPY,scalp_bias,83,2026-07-17 13:05,4c_20m,743.24,-0.15,fail
2026-07-17 13:17:37,stock,LONG,MSFT,adx_di_cross + cumdelta + adx_strong,83,2026-07-17 13:10,7c_35m,395.97,+0.03,fail
2026-07-17 13:17:37,stock,LONG,AAPL,scalp_bias + delta + momentum,69,2026-07-17 13:10,14c_70m,334.67,+0.62,success
2026-07-17 13:43:51,stock,SHORT,TSLA,adx_di_cross + adx_strong,88,2026-07-17 13:35,2c_12m,380.58,-0.14,fail
2026-07-17 13:49:06,stock,SHORT,AMZN,scalp_bias + delta + near_level,86,2026-07-17 13:40,14c_70m,246.60,-0.31,fail
2026-07-17 13:49:06,stock,LONG,AAPL,scalp_bias + delta + adx_strong,73,2026-07-17 13:40,15c_75m,334.67,+0.32,fail
2026-07-17 13:54:19,stock,LONG,AAPL,vidya_dmi + delta + cumdelta,75,2026-07-17 13:45,6c_30m,334.62,+0.04,fail
2026-07-17 13:59:34,stock,LONG,SPCX,adx_di_cross + delta + momentum,75,2026-07-17 13:50,2c_10m,129.89,+3.15,success
2026-07-17 14:04:46,stock,LONG,MSFT,adx_di_cross + delta + near_level,90,2026-07-17 13:55,16c_80m,395.90,+0.18,fail
2026-07-17 14:04:46,stock,LONG,SPCX,adx_di_cross + momentum,75,2026-07-17 13:55,2c_10m,130.33,+3.60,success
2026-07-17 14:09:59,stock,SHORT,TSLA,adx_di_cross + delta,80,2026-07-17 14:00,4c_22m,380.90,-0.15,fail
2026-07-17 14:09:59,stock,LONG,MSFT,scalp_bias + cumdelta + near_level,75,2026-07-17 14:00,4c_20m,395.13,+0.13,fail
2026-07-17 14:19:05,intraday,SHORT,QQQ,scalp_bias + delta + adx_strong,92,2026-07-17 14:15,4c_20m,694.23,-0.18,fail
2026-07-17 14:20:26,stock,LONG,SPCX,liquidity_sweep,82,2026-07-17 14:15,2c_10m,125.05,+0.00,fail
2026-07-17 14:20:26,stock,SHORT,AMZN,scalp_bias + near_level + momentum,76,2026-07-17 14:15,8c_40m,246.60,-0.35,fail
2026-07-17 14:24:08,intraday,SHORT,QQQ,scalp_bias,83,2026-07-17 14:15,4c_20m,694.23,-0.18,fail
2026-07-17 14:25:38,stock,SHORT,AMZN,scalp_bias + delta + near_level,86,2026-07-17 14:20,14c_70m,246.60,-0.31,fail
2026-07-17 14:25:58,levels,SHORT,SPY,below_10min_high,,2026-07-17 14:20,,,,
2026-07-17 14:29:12,intraday,SHORT,QQQ,mechanical_trigger + delta + near_level,90,2026-07-17 14:20,4c_20m,694.23,-0.05,fail
2026-07-17 14:30:01,levels,LONG,SPY,above_10min_high,,2026-07-17 14:25,,,,
2026-07-17 14:30:51,stock,LONG,MSFT,scalp_bias + cumdelta + near_level,75,2026-07-17 14:25,4c_20m,395.90,+0.07,fail
2026-07-17 14:36:05,stock,SHORT,SPCX,mechanical_trigger + momentum,78,2026-07-17 14:30,4c_18m,123.51,-0.45,success
2026-07-17 14:39:19,intraday,SHORT,SPY,scalp_bias + delta + adx_strong,92,2026-07-17 14:30,4c_20m,742.60,-0.06,fail
2026-07-17 14:41:17,stock,LONG,MSFT,adx_di_cross + cumdelta,75,2026-07-17 14:35,7c_35m,395.55,+0.10,fail
2026-07-17 14:44:23,intraday,SHORT,SPY,mechanical_trigger + cumdelta,85,2026-07-17 14:35,2c_10m,742.60,-0.03,fail
2026-07-17 15:05:28,levels,SHORT,SPY,below_10min_high,,2026-07-17 15:00,,,,
2026-07-17 15:25:43,levels,LONG,SPY,above_10min_high,,2026-07-17 15:20,,,,
2026-07-20 08:25:04,levels,LONG,SPY,above_yesterday_high,,2026-07-20 06:30,,,,
2026-07-20 08:25:04,levels,SHORT,SPY,below_yesterday_high,,2026-07-20 06:45,,,,
2026-07-20 08:25:04,levels,LONG,QQQ,above_yesterday_high,,2026-07-20 06:30,,,,
2026-07-20 08:25:04,levels,SHORT,QQQ,below_yesterday_high,,2026-07-20 07:00,,,,
2026-07-20 08:25:04,levels,LONG,QQQ,above_yesterday_high,,2026-07-20 08:00,,,,
2026-07-20 08:25:04,levels,SHORT,QQQ,below_yesterday_high,,2026-07-20 08:05,,,,
2026-07-20 08:25:04,levels,LONG,QQQ,above_yesterday_high,,2026-07-20 08:20,,,,
2026-07-20 08:30:08,levels,SHORT,QQQ,below_yesterday_high,,2026-07-20 08:25,,,,
2026-07-20 08:35:11,levels,LONG,SPY,above_yesterday_high,,2026-07-20 08:30,,,,
2026-07-20 08:35:11,levels,LONG,QQQ,above_yesterday_high,,2026-07-20 08:30,,,,
2026-07-20 08:35:11,levels,LONG,QQQ,above_postmarket_high,,2026-07-20 08:30,,,,
2026-07-20 08:45:19,levels,LONG,QQQ,above_10min_high,,2026-07-20 08:40,,,,
2026-07-20 08:50:23,levels,SHORT,QQQ,below_10min_high,,2026-07-20 08:45,,,,
2026-07-20 08:55:26,levels,SHORT,SPY,below_yesterday_high,,2026-07-20 08:50,,,,
2026-07-20 08:55:26,levels,SHORT,SPY,below_10min_low,,2026-07-20 08:50,,,,
2026-07-20 08:55:27,levels,SHORT,QQQ,below_postmarket_high,,2026-07-20 08:50,,,,
2026-07-20 08:55:27,levels,SHORT,SPX,below_yesterday_high,,2026-07-20 08:50,,,,
2026-07-20 08:55:33,stock,SHORT,TSLA,adx_di_cross + delta + cumdelta,87,2026-07-20 08:50,5c_25m,374.20,-1.31,success
2026-07-20 08:55:33,stock,SHORT,META,mechanical_trigger + cumdelta + momentum,84,2026-07-20 08:50,2c_10m,636.01,-0.66,success
2026-07-20 08:55:33,stock,SHORT,AMZN,liquidity_sweep + delta,77,2026-07-20 08:50,7c_35m,248.35,-0.53,success
2026-07-20 09:00:30,levels,SHORT,QQQ,below_yesterday_high,,2026-07-20 08:55,,,,
2026-07-20 09:00:30,levels,SHORT,QQQ,below_10min_low,,2026-07-20 08:55,,,,
2026-07-20 09:00:30,levels,SHORT,SPX,below_10min_low,,2026-07-20 08:55,,,,
2026-07-20 09:00:48,stock,SHORT,TSLA,adx_di_cross + cumdelta + adx_strong,90,2026-07-20 08:55,2c_10m,374.88,-0.19,fail
2026-07-20 09:05:21,intraday,SHORT,QQQ,scalp_bias + near_level + adx_strong,90,2026-07-20 09:00,4c_20m,698.91,-0.40,success
2026-07-20 09:11:18,stock,SHORT,MU,mechanical_trigger + momentum,78,2026-07-20 09:05,4c_18m,866.00,-2.03,success
2026-07-20 09:15:29,intraday,SHORT,SPY,scalp_bias + delta + adx_strong,92,2026-07-20 09:10,4c_20m,744.26,-0.10,fail
2026-07-20 09:16:33,stock,LONG,MSFT,adx_di_cross + delta + near_level,90,2026-07-20 09:10,16c_80m,398.13,+1.41,success
2026-07-20 09:16:33,stock,SHORT,NVDA,adx_di_cross + delta,80,2026-07-20 09:10,4c_22m,204.66,-0.51,success
2026-07-20 09:25:37,intraday,SHORT,SPY,mechanical_trigger + near_level + momentum,88,2026-07-20 09:20,4c_18m,744.91,-0.01,fail
2026-07-20 09:27:03,stock,SHORT,NVDA,adx_di_cross,78,2026-07-20 09:20,4c_18m,205.21,-0.15,fail
2026-07-20 09:30:40,intraday,SHORT,SPY,scalp_bias,83,2026-07-20 09:25,4c_20m,744.49,-0.16,fail
2026-07-20 09:30:54,levels,LONG,QQQ,above_10min_low,,2026-07-20 09:25,,,,
2026-07-20 09:35:44,intraday,SHORT,SPY,scalp_bias + delta + adx_strong,92,2026-07-20 09:30,4c_20m,744.15,-0.15,fail
2026-07-20 09:35:58,levels,SHORT,QQQ,below_10min_low,,2026-07-20 09:30,,,,
2026-07-20 09:37:31,stock,LONG,AMZN,mechanical_trigger + adx_strong,80,2026-07-20 09:30,4c_20m,250.45,+0.18,fail
2026-07-20 09:37:31,stock,LONG,MSFT,mechanical_trigger + cumdelta + near_level,80,2026-07-20 09:30,4c_20m,396.12,+0.26,fail
2026-07-20 09:40:48,intraday,SHORT,QQQ,scalp_bias,83,2026-07-20 09:35,4c_20m,698.11,-0.40,success
2026-07-20 09:42:44,stock,SHORT,NVDA,adx_di_cross + delta,80,2026-07-20 09:35,4c_22m,204.58,-0.42,success
2026-07-20 09:45:51,intraday,SHORT,SPY,scalp_bias + delta + adx_strong,92,2026-07-20 09:40,4c_20m,743.71,-0.16,fail
2026-07-20 09:45:51,intraday,SHORT,SPX,vidya_dmi + cumdelta + momentum,67,2026-07-20 09:40,1c_5m,7470.88,-0.05,fail
2026-07-20 09:47:57,stock,SHORT,NVDA,adx_di_cross,78,2026-07-20 09:40,4c_18m,204.58,-0.45,success
2026-07-20 09:47:57,stock,LONG,MSFT,mechanical_trigger + cumdelta + adx_strong,76,2026-07-20 09:40,4c_22m,396.60,+0.30,fail
2026-07-20 09:50:55,intraday,SHORT,QQQ,scalp_bias + delta + adx_strong,92,2026-07-20 09:45,4c_20m,698.08,-0.19,fail
2026-07-20 09:53:09,stock,SHORT,NVDA,adx_di_cross + mechanical_trigger + delta,88,2026-07-20 09:45,3c_15m,204.58,-0.30,fail
2026-07-20 09:53:09,stock,LONG,AMZN,scalp_bias + delta + adx_strong,73,2026-07-20 09:45,15c_75m,252.37,+1.02,success
2026-07-20 09:53:09,stock,LONG,MSFT,scalp_bias + cumdelta + momentum,71,2026-07-20 09:45,6c_30m,397.56,+0.65,success
2026-07-20 09:58:21,stock,SHORT,NVDA,scalp_bias + delta + near_level,86,2026-07-20 09:50,14c_70m,204.60,-0.06,fail
2026-07-20 10:01:02,intraday,SHORT,SPY,mechanical_trigger + delta + near_level,90,2026-07-20 09:55,4c_20m,743.80,-0.04,fail
2026-07-20 10:03:35,stock,SHORT,NVDA,mechanical_trigger + adx_strong,80,2026-07-20 09:55,3c_15m,204.71,-0.08,fail
2026-07-20 10:08:48,stock,LONG,AMZN,scalp_bias + delta + adx_strong,73,2026-07-20 10:00,15c_75m,252.48,+0.63,success
2026-07-20 10:24:31,stock,LONG,SPCX,adx_di_cross + delta + momentum,75,2026-07-20 10:15,2c_10m,122.92,+0.35,fail
2026-07-20 10:29:46,stock,LONG,NVDA,scalp_bias + delta + momentum,69,2026-07-20 10:20,14c_70m,206.54,+0.19,fail
2026-07-20 10:40:12,stock,LONG,META,scalp_bias + delta + near_level,73,2026-07-20 10:35,6c_30m,649.77,+0.20,fail
2026-07-20 10:41:34,intraday,SHORT,SPY,adx_di_cross + delta,88,2026-07-20 10:35,4c_22m,745.10,-0.05,fail
2026-07-20 10:45:53,levels,LONG,QQQ,above_10min_low,,2026-07-20 10:40,,,,
2026-07-20 10:46:38,intraday,SHORT,SPY,adx_di_cross,84,2026-07-20 10:40,4c_18m,745.10,-0.12,fail
2026-07-20 10:50:40,stock,SHORT,NVDA,scalp_bias + delta + near_level,86,2026-07-20 10:45,14c_70m,203.66,-0.61,success
2026-07-20 10:50:57,levels,SHORT,QQQ,below_10min_low,,2026-07-20 10:45,,,,
2026-07-20 10:51:42,intraday,SHORT,SPY,adx_di_cross + delta,88,2026-07-20 10:45,4c_22m,745.13,-0.02,fail
2026-07-20 10:55:00,levels,LONG,QQQ,above_10min_low,,2026-07-20 10:50,,,,
2026-07-20 10:55:55,stock,SHORT,NVDA,scalp_bias + momentum,74,2026-07-20 10:50,4c_20m,205.56,-0.00,fail
2026-07-20 10:56:01,levels,LONG,SPX,above_10min_low,,2026-07-20 10:55,,,,
2026-07-20 11:00:04,levels,LONG,QQQ,above_yesterday_high,,2026-07-20 10:55,,,,
2026-07-20 11:01:11,stock,SHORT,NVDA,scalp_bias,71,2026-07-20 10:55,4c_20m,205.52,-0.19,fail
2026-07-20 11:10:11,levels,LONG,SPX,above_10min_low,,2026-07-20 11:05,,,,
2026-07-20 11:11:36,stock,LONG,NVDA,scalp_bias + delta + momentum,69,2026-07-20 11:05,14c_70m,206.34,+0.08,fail
2026-07-20 11:16:49,stock,LONG,TSLA,adx_di_cross + delta + adx_strong,75,2026-07-20 11:10,6c_30m,376.50,+0.02,fail
2026-07-20 11:17:05,intraday,LONG,SPY,scalp_bias + cumdelta,73,2026-07-20 11:10,7c_35m,746.88,+0.01,fail
2026-07-20 11:22:02,stock,SHORT,NVDA,adx_di_cross + delta,80,2026-07-20 11:15,4c_22m,204.87,-0.38,fail
2026-07-20 11:35:31,levels,SHORT,QQQ,below_yesterday_high,,2026-07-20 11:30,,,,
2026-07-20 11:35:31,levels,SHORT,SPX,below_10min_low,,2026-07-20 11:30,,,,
2026-07-20 11:37:27,intraday,SHORT,SPX,adx_di_cross + delta + cumdelta,90,2026-07-20 11:30,5c_25m,7473.21,-0.15,fail
2026-07-20 11:37:27,intraday,SHORT,SPY,adx_di_cross + delta,88,2026-07-20 11:30,4c_22m,744.50,-0.18,fail
2026-07-20 11:40:34,levels,LONG,QQQ,above_yesterday_high,,2026-07-20 11:35,,,,
2026-07-20 11:40:35,levels,LONG,SPX,above_10min_low,,2026-07-20 11:35,,,,
2026-07-20 11:43:08,stock,SHORT,NVDA,mechanical_trigger + momentum,78,2026-07-20 11:35,4c_18m,203.90,-0.60,success
2026-07-20 11:45:38,levels,SHORT,QQQ,below_yesterday_high,,2026-07-20 11:40,,,,
2026-07-20 11:45:38,levels,SHORT,QQQ,below_10min_low,,2026-07-20 11:40,,,,
2026-07-20 11:45:38,levels,SHORT,SPX,below_10min_low,,2026-07-20 11:40,,,,
2026-07-20 11:47:35,intraday,SHORT,QQQ,adx_di_cross + delta + cumdelta,90,2026-07-20 11:40,5c_25m,699.67,-0.23,fail
2026-07-20 11:50:42,levels,LONG,QQQ,above_yesterday_high,,2026-07-20 11:45,,,,
2026-07-20 11:50:42,levels,LONG,QQQ,above_10min_low,,2026-07-20 11:45,,,,
2026-07-20 11:52:39,intraday,LONG,SPY,scalp_bias + cumdelta,73,2026-07-20 11:45,7c_35m,746.16,+0.00,fail
2026-07-20 11:53:38,stock,SHORT,TSLA,mechanical_trigger + adx_strong,80,2026-07-20 11:45,3c_15m,372.42,-0.43,success
2026-07-20 11:55:45,levels,SHORT,QQQ,below_yesterday_high,,2026-07-20 11:50,,,,
2026-07-20 11:55:45,levels,SHORT,QQQ,below_10min_low,,2026-07-20 11:50,,,,
2026-07-20 11:57:44,intraday,SHORT,QQQ,scalp_bias,83,2026-07-20 11:50,4c_20m,699.29,-0.19,fail
2026-07-20 12:02:47,intraday,SHORT,SPY,scalp_bias,83,2026-07-20 11:55,4c_20m,743.56,-0.19,fail
2026-07-20 12:07:52,intraday,SHORT,SPY,scalp_bias + delta + adx_strong,92,2026-07-20 12:00,4c_20m,743.56,-0.13,fail
2026-07-20 12:07:52,intraday,SHORT,SPX,vidya_dmi + cumdelta + momentum,67,2026-07-20 12:00,1c_5m,7467.37,-0.05,fail
2026-07-20 12:12:56,intraday,SHORT,SPY,scalp_bias,83,2026-07-20 12:05,4c_20m,743.56,-0.14,fail
2026-07-20 12:18:02,intraday,SHORT,SPY,scalp_bias + delta + adx_strong,92,2026-07-20 12:10,4c_20m,743.56,-0.05,fail
2026-07-20 12:23:07,intraday,SHORT,SPY,scalp_bias + mechanical_trigger + momentum,84,2026-07-20 12:20,4c_18m,743.89,-0.03,fail
2026-07-20 12:28:12,intraday,SHORT,SPY,scalp_bias + delta + adx_strong,92,2026-07-20 12:20,4c_20m,743.62,-0.07,fail
2026-07-20 12:28:12,intraday,SHORT,SPX,scalp_bias + delta + adx_strong,92,2026-07-20 12:20,4c_20m,7461.75,-0.07,fail
2026-07-20 12:33:17,intraday,SHORT,SPX,scalp_bias + near_level + adx_strong,90,2026-07-20 12:25,4c_20m,7461.75,-0.07,fail
2026-07-20 12:33:17,intraday,SHORT,SPY,scalp_bias,83,2026-07-20 12:25,4c_20m,743.62,-0.07,fail
2026-07-20 12:43:25,intraday,SHORT,SPY,scalp_bias + delta + adx_strong,92,2026-07-20 12:35,4c_20m,743.59,-0.06,fail
2026-07-20 12:43:25,intraday,SHORT,SPX,scalp_bias + delta + adx_strong,92,2026-07-20 12:35,4c_20m,7461.75,-0.06,fail
2026-07-20 12:51:44,stock,SHORT,AAPL,adx_di_cross + near_level + adx_strong,80,2026-07-20 12:45,16c_80m,324.40,-0.14,fail
2026-07-20 12:53:38,intraday,SHORT,SPX,scalp_bias + near_level + adx_strong,90,2026-07-20 12:45,4c_20m,7467.80,-0.00,fail
2026-07-20 12:53:38,intraday,SHORT,SPY,scalp_bias,83,2026-07-20 12:45,4c_20m,744.21,-0.01,fail
2026-07-20 13:23:49,stock,SHORT,MU,mechanical_trigger + momentum,78,2026-07-20 13:15,4c_18m,871.91,-1.06,success
2026-07-20 13:23:49,stock,LONG,SPCX,adx_di_cross + momentum,75,2026-07-20 13:15,2c_10m,123.20,+0.09,fail
2026-07-20 13:29:01,stock,SHORT,SPCX,adx_di_cross + cumdelta + adx_strong,90,2026-07-20 13:20,2c_10m,122.27,-0.14,fail
2026-07-20 13:29:01,stock,SHORT,TSLA,adx_di_cross + cumdelta + adx_strong,90,2026-07-20 13:20,2c_10m,371.61,-0.38,fail
2026-07-20 13:29:01,stock,SHORT,NVDA,adx_di_cross + delta,80,2026-07-20 13:20,4c_22m,203.63,-0.33,fail
2026-07-20 13:29:17,intraday,SHORT,SPY,adx_di_cross + delta + momentum,92,2026-07-20 13:20,4c_20m,742.53,-0.24,fail
2026-07-20 13:29:17,intraday,SHORT,QQQ,adx_di_cross + delta + momentum,92,2026-07-20 13:20,4c_20m,697.80,-0.28,success
2026-07-20 13:29:17,intraday,SHORT,SPX,adx_di_cross + delta + momentum,92,2026-07-20 13:20,4c_20m,7450.80,-0.24,fail
2026-07-20 13:34:25,intraday,SHORT,SPY,adx_di_cross,84,2026-07-20 13:25,4c_18m,742.53,-0.26,success
2026-07-20 13:34:25,intraday,SHORT,QQQ,adx_di_cross,84,2026-07-20 13:25,4c_18m,697.80,-0.30,success
2026-07-20 13:34:25,intraday,SHORT,SPX,adx_di_cross,84,2026-07-20 13:25,4c_18m,7450.80,-0.26,success
2026-07-20 13:34:26,stock,SHORT,AMZN,adx_di_cross + near_level,78,2026-07-20 13:25,7c_35m,249.07,-0.47,success
2026-07-20 13:39:33,intraday,SHORT,SPY,adx_di_cross + delta + momentum,92,2026-07-20 13:30,4c_20m,742.43,-0.17,fail
2026-07-20 13:39:33,intraday,SHORT,QQQ,adx_di_cross + delta + momentum,92,2026-07-20 13:30,4c_20m,697.73,-0.17,fail
2026-07-20 13:39:33,intraday,SHORT,SPX,adx_di_cross + delta + momentum,92,2026-07-20 13:30,4c_20m,7449.54,-0.17,fail
2026-07-20 13:39:44,stock,SHORT,SPCX,adx_di_cross + delta + cumdelta,87,2026-07-20 13:30,5c_25m,121.66,-0.56,success
2026-07-20 13:44:38,intraday,SHORT,SPY,scalp_bias + delta + adx_strong,92,2026-07-20 13:35,4c_20m,742.43,-0.15,fail
2026-07-20 13:45:09,stock,SHORT,AAPL,liquidity_sweep + delta + adx_strong,86,2026-07-20 13:35,6c_30m,325.31,-0.29,fail
2026-07-20 13:45:09,stock,SHORT,AMZN,scalp_bias + mechanical_trigger + momentum,75,2026-07-20 13:40,4c_18m,249.07,-0.03,fail
2026-07-20 13:45:15,levels,SHORT,SPX,below_postmarket_high,,2026-07-20 13:40,,,,
2026-07-20 13:45:15,levels,SHORT,SPX,below_postmarket_low,,2026-07-20 13:40,,,,
2026-07-20 13:49:43,intraday,SHORT,SPX,mechanical_trigger + cumdelta,85,2026-07-20 13:40,2c_10m,7449.54,-0.02,fail
2026-07-20 13:54:49,intraday,SHORT,SPX,scalp_bias + near_level + adx_strong,90,2026-07-20 13:45,4c_20m,7448.20,-0.06,fail
2026-07-20 13:54:49,intraday,SHORT,SPY,scalp_bias + mechanical_trigger + momentum,84,2026-07-20 13:45,4c_18m,742.42,-0.04,fail
2026-07-20 13:59:52,intraday,SHORT,SPY,mechanical_trigger + near_level + momentum,88,2026-07-20 13:50,4c_18m,742.25,-0.11,fail
2026-07-20 14:04:55,intraday,SHORT,SPY,scalp_bias + delta + adx_strong,92,2026-07-20 13:55,4c_20m,741.51,-0.16,fail
2026-07-20 14:04:55,intraday,SHORT,SPX,scalp_bias + delta + adx_strong,92,2026-07-20 13:55,4c_20m,7440.53,-0.17,fail
2026-07-20 14:06:02,stock,SHORT,NVDA,mechanical_trigger + adx_strong,80,2026-07-20 14:00,3c_15m,202.28,-0.27,fail
2026-07-20 14:11:13,stock,LONG,MSFT,adx_di_cross + cumdelta + adx_strong,83,2026-07-20 14:05,7c_35m,402.57,+0.38,fail
2026-07-20 14:15:06,intraday,SHORT,SPY,scalp_bias,83,2026-07-20 14:05,4c_20m,741.51,-0.16,fail
2026-07-20 14:15:38,levels,SHORT,SPY,below_postmarket_low,,2026-07-20 14:10,,,,
2026-07-20 14:20:10,intraday,SHORT,SPX,scalp_bias,83,2026-07-20 14:15,4c_20m,7443.36,-0.01,fail
2026-07-20 14:25:46,levels,LONG,SPY,above_postmarket_low,,2026-07-20 14:20,,,,
2026-07-20 14:27:02,stock,LONG,META,scalp_bias + delta + near_level,73,2026-07-20 14:20,6c_30m,651.03,+0.31,fail
2026-07-20 14:42:47,stock,LONG,MSFT,mechanical_trigger + cumdelta + near_level,80,2026-07-20 14:35,4c_20m,402.68,+0.20,fail
2026-07-20 15:10:18,levels,SHORT,SPY,below_postmarket_low,,2026-07-20 15:05,,,,
2026-07-20 16:05:58,levels,SHORT,SPY,below_postmarket_low,,2026-07-20 16:00,,,,
2026-07-20 17:00:36,levels,LONG,SPY,above_postmarket_low,,2026-07-20 16:55,,,,
2026-07-20 17:05:40,levels,SHORT,SPY,below_postmarket_low,,2026-07-20 17:00,,,,
2026-07-20 18:20:38,levels,LONG,SPY,above_postmarket_low,,2026-07-20 18:15,,,,
2026-07-21 08:30:08,levels,LONG,QQQ,above_yesterday_high,,2026-07-21 08:25,,,,
2026-07-21 08:35:12,levels,SHORT,QQQ,below_yesterday_high,,2026-07-21 08:30,,,,
2026-07-21 08:40:16,levels,LONG,QQQ,above_yesterday_high,,2026-07-21 08:35,,,,
2026-07-21 08:45:19,levels,SHORT,SPY,below_10min_low,,2026-07-21 08:40,,,,
2026-07-21 08:45:19,levels,SHORT,QQQ,below_yesterday_high,,2026-07-21 08:40,,,,
2026-07-21 08:45:20,levels,SHORT,SPX,below_10min_low,,2026-07-21 08:40,,,,
2026-07-21 08:55:12,intraday,SHORT,QQQ,adx_di_cross + delta,92,2026-07-21 08:50,4c_18m,703.05,-0.23,fail
2026-07-21 08:55:32,stock,LONG,LLY,mechanical_trigger + momentum + adx_strong,75,2026-07-21 08:50,9c_45m,1167.36,+1.16,success
2026-07-21 09:00:15,intraday,SHORT,QQQ,adx_di_cross,92,2026-07-21 08:55,3c_15m,702.81,-0.30,success
2026-07-21 09:00:30,levels,LONG,SPY,above_10min_low,,2026-07-21 08:55,,,,
2026-07-21 09:00:31,levels,LONG,SPX,above_10min_low,,2026-07-21 08:55,,,,
2026-07-21 09:05:35,levels,SHORT,QQQ,below_10min_low,,2026-07-21 09:00,,,,
2026-07-21 09:05:59,stock,SHORT,NVDA,adx_di_cross + delta + cumdelta,84,2026-07-21 09:00,5c_25m,204.01,-0.24,fail
2026-07-21 09:10:22,intraday,SHORT,QQQ,mechanical_trigger + delta + near_level,96,2026-07-21 09:05,6c_28m,702.81,-0.06,fail
2026-07-21 09:10:39,levels,SHORT,SPX,below_10min_low,,2026-07-21 09:05,,,,
2026-07-21 09:11:10,stock,LONG,AAPL,adx_di_cross + delta,83,2026-07-21 09:05,5c_25m,327.03,+0.48,success
2026-07-21 09:15:25,intraday,SHORT,QQQ,scalp_bias + cumdelta,92,2026-07-21 09:10,2c_10m,702.90,-0.21,fail
2026-07-21 09:15:43,levels,LONG,SPX,above_10min_low,,2026-07-21 09:10,,,,
2026-07-21 09:16:22,stock,SHORT,NVDA,mechanical_trigger + cumdelta,100,2026-07-21 09:10,2c_10m,204.01,-0.24,fail
2026-07-21 09:16:22,stock,SHORT,META,adx_di_cross + delta + cumdelta,84,2026-07-21 09:10,5c_25m,644.73,-0.32,fail
2026-07-21 09:20:46,levels,LONG,QQQ,above_10min_low,,2026-07-21 09:15,,,,
2026-07-21 09:21:34,stock,LONG,AAPL,adx_di_cross + cumdelta + near_level,80,2026-07-21 09:15,8c_40m,327.46,+0.45,success
2026-07-21 09:21:34,stock,SHORT,META,adx_di_cross + cumdelta,78,2026-07-21 09:15,4c_18m,646.13,-0.08,fail
2026-07-21 09:30:54,levels,LONG,SPY,above_postmarket_high,,2026-07-21 09:25,,,,
2026-07-21 09:30:54,levels,LONG,SPY,above_10min_high,,2026-07-21 09:25,,,,
2026-07-21 09:30:54,levels,LONG,QQQ,above_yesterday_high,,2026-07-21 09:25,,,,
2026-07-21 09:30:54,levels,LONG,SPX,above_10min_high,,2026-07-21 09:25,,,,
2026-07-21 09:31:57,stock,SHORT,NVDA,mechanical_trigger + cumdelta,100,2026-07-21 09:25,2c_10m,204.70,-0.34,fail
2026-07-21 09:40:00,levels,SHORT,SPY,below_postmarket_high,,2026-07-21 09:35,,,,
2026-07-21 09:40:00,levels,SHORT,SPY,below_10min_high,,2026-07-21 09:35,,,,
2026-07-21 09:40:01,levels,SHORT,SPX,below_10min_high,,2026-07-21 09:35,,,,
2026-07-21 09:47:39,stock,SHORT,AMZN,adx_di_cross,72,2026-07-21 09:40,3c_15m,247.64,-0.02,fail
2026-07-21 09:50:07,levels,LONG,SPY,above_postmarket_high,,2026-07-21 09:45,,,,
2026-07-21 09:50:07,levels,LONG,SPY,above_10min_high,,2026-07-21 09:45,,,,
2026-07-21 09:50:08,levels,LONG,SPX,above_10min_high,,2026-07-21 09:45,,,,
2026-07-21 09:55:11,levels,SHORT,SPY,below_postmarket_high,,2026-07-21 09:50,,,,
2026-07-21 09:55:11,levels,SHORT,SPY,below_10min_high,,2026-07-21 09:50,,,,
2026-07-21 09:55:11,levels,SHORT,SPX,below_10min_high,,2026-07-21 09:50,,,,
2026-07-21 10:00:15,levels,LONG,SPY,above_postmarket_high,,2026-07-21 09:55,,,,
2026-07-21 10:00:15,levels,LONG,SPY,above_10min_high,,2026-07-21 09:55,,,,
2026-07-21 10:00:15,levels,LONG,SPX,above_10min_high,,2026-07-21 09:55,,,,
2026-07-21 10:05:18,levels,SHORT,SPY,below_postmarket_high,,2026-07-21 10:00,,,,
2026-07-21 10:05:18,levels,SHORT,SPY,below_10min_high,,2026-07-21 10:00,,,,
2026-07-21 10:05:19,levels,SHORT,SPX,below_10min_high,,2026-07-21 10:00,,,,
2026-07-21 10:08:27,stock,SHORT,META,adx_di_cross + delta + cumdelta,84,2026-07-21 10:00,5c_25m,645.58,-0.09,fail
2026-07-21 10:08:27,stock,SHORT,AMZN,adx_di_cross + near_level,81,2026-07-21 10:00,8c_38m,246.96,-0.12,fail
2026-07-21 10:10:22,levels,LONG,SPY,above_postmarket_high,,2026-07-21 10:05,,,,
2026-07-21 10:10:22,levels,LONG,SPY,above_10min_high,,2026-07-21 10:05,,,,
2026-07-21 10:10:22,levels,LONG,QQQ,above_10min_high,,2026-07-21 10:05,,,,
2026-07-21 10:10:22,levels,LONG,SPX,above_10min_high,,2026-07-21 10:05,,,,
2026-07-21 10:13:38,stock,SHORT,AMZN,adx_di_cross,72,2026-07-21 10:05,3c_15m,247.23,-0.11,fail
2026-07-21 10:18:52,stock,SHORT,AMZN,scalp_bias + near_level + momentum,80,2026-07-21 10:10,6c_30m,247.32,-0.04,fail
2026-07-21 10:24:06,stock,SHORT,META,adx_di_cross + delta + cumdelta,84,2026-07-21 10:15,5c_25m,646.75,-0.02,fail
2026-07-21 10:29:18,stock,LONG,NVDA,mechanical_trigger + delta,67,2026-07-21 10:20,3c_15m,206.82,+0.17,fail
2026-07-21 10:34:29,stock,LONG,NVDA,scalp_bias + delta,75,2026-07-21 10:25,3c_15m,206.82,+0.11,fail
2026-07-21 10:39:41,stock,LONG,NVDA,mechanical_trigger + delta,67,2026-07-21 10:30,3c_15m,206.82,+0.04,fail
2026-07-21 10:50:04,stock,LONG,TSLA,adx_di_cross + momentum + adx_strong,75,2026-07-21 10:45,4c_20m,382.37,+0.05,fail
2026-07-21 10:50:05,stock,LONG,LLY,mechanical_trigger + momentum + adx_strong,75,2026-07-21 10:40,9c_45m,1164.16,+0.08,fail
2026-07-21 11:00:29,stock,SHORT,AMZN,adx_di_cross + near_level,81,2026-07-21 10:55,8c_38m,247.19,-0.21,fail
2026-07-21 11:21:20,stock,SHORT,AMZN,scalp_bias + near_level + momentum,80,2026-07-21 11:15,6c_30m,247.19,-0.09,fail
2026-07-21 11:21:20,stock,LONG,LLY,adx_di_cross + cumdelta + adx_strong,79,2026-07-21 11:15,6c_32m,1164.70,+0.16,fail
2026-07-21 11:26:32,stock,LONG,TSLA,adx_di_cross + momentum + adx_strong,75,2026-07-21 11:20,4c_20m,382.05,+0.08,fail
2026-07-21 11:31:43,stock,SHORT,NVDA,adx_di_cross + cumdelta + near_level,90,2026-07-21 11:25,5c_25m,204.83,-0.12,fail
2026-07-21 11:55:45,levels,LONG,SPY,above_yesterday_high,,2026-07-21 11:50,,,,
2026-07-21 11:55:46,levels,LONG,SPX,above_yesterday_high,,2026-07-21 11:50,,,,
2026-07-21 12:00:49,levels,SHORT,SPY,below_yesterday_high,,2026-07-21 11:55,,,,
2026-07-21 12:00:49,levels,SHORT,SPX,below_yesterday_high,,2026-07-21 11:55,,,,
2026-07-21 12:03:04,stock,LONG,AAPL,adx_di_cross + delta,83,2026-07-21 11:55,5c_25m,328.76,+0.10,fail
2026-07-21 12:08:16,stock,LONG,AAPL,adx_di_cross,75,2026-07-21 12:00,5c_25m,328.76,+0.29,fail
2026-07-21 12:08:16,stock,SHORT,META,liquidity_sweep,67,2026-07-21 12:00,6c_30m,644.71,-0.32,fail
2026-07-21 12:13:30,stock,LONG,AAPL,adx_di_cross + delta,83,2026-07-21 12:05,5c_25m,328.76,+0.05,fail
2026-07-21 12:18:46,stock,SHORT,TSLA,scalp_bias + delta,78,2026-07-21 12:10,9c_45m,379.11,-0.17,fail
2026-07-21 12:23:59,stock,SHORT,TSLA,adx_di_cross + delta,77,2026-07-21 12:15,4c_18m,379.12,-0.13,fail
2026-07-21 12:29:12,stock,LONG,LLY,adx_di_cross + cumdelta + adx_strong,79,2026-07-21 12:20,6c_32m,1162.12,+0.14,fail
2026-07-21 12:29:12,stock,LONG,MSFT,adx_di_cross + near_level,78,2026-07-21 12:25,6c_28m,399.55,+0.02,fail
2026-07-21 12:29:12,stock,SHORT,TSLA,adx_di_cross,72,2026-07-21 12:20,3c_15m,379.12,-0.15,fail
2026-07-21 12:39:36,stock,LONG,AAPL,liquidity_sweep + cumdelta,100,2026-07-21 12:30,4c_20m,327.77,+0.23,fail
2026-07-21 12:39:36,stock,SHORT,META,mechanical_trigger + momentum,80,2026-07-21 12:30,3c_15m,645.31,+0.00,fail
2026-07-21 12:39:36,stock,LONG,NVDA,mechanical_trigger + delta,67,2026-07-21 12:30,3c_15m,206.96,+0.04,fail
2026-07-21 12:44:50,stock,SHORT,META,mechanical_trigger,78,2026-07-21 12:35,4c_18m,646.36,-0.11,fail
2026-07-21 12:50:27,levels,LONG,SPY,above_yesterday_high,,2026-07-21 12:45,,,,
2026-07-21 12:50:27,levels,LONG,SPX,above_yesterday_high,,2026-07-21 12:45,,,,
2026-07-21 12:55:31,levels,SHORT,SPY,below_yesterday_high,,2026-07-21 12:50,,,,
2026-07-21 12:55:31,levels,SHORT,SPX,below_yesterday_high,,2026-07-21 12:50,,,,
2026-07-21 13:05:42,stock,LONG,LLY,adx_di_cross + delta + cumdelta,72,2026-07-21 13:00,4c_22m,1165.32,+0.20,fail
2026-07-21 13:16:09,stock,LONG,LLY,adx_di_cross + cumdelta + momentum,67,2026-07-21 13:10,4c_20m,1165.63,+0.29,fail
2026-07-21 13:26:36,stock,LONG,TSLA,adx_di_cross + delta + cumdelta,72,2026-07-21 13:20,4c_22m,380.48,+0.02,fail
2026-07-21 13:31:48,stock,LONG,SPCX,liquidity_sweep,70,2026-07-21 13:25,2c_12m,127.14,+0.02,fail
2026-07-21 13:37:02,stock,LONG,MU,liquidity_sweep + adx_strong,73,2026-07-21 13:30,4c_18m,976.00,+0.53,success
2026-07-21 13:37:02,stock,SHORT,AMZN,adx_di_cross,72,2026-07-21 13:30,3c_15m,247.46,-0.12,fail
2026-07-21 13:42:15,stock,SHORT,AMZN,adx_di_cross + near_level,81,2026-07-21 13:35,8c_38m,247.37,-0.07,fail
2026-07-21 13:47:28,stock,LONG,NVDA,scalp_bias + delta,75,2026-07-21 13:40,3c_15m,207.35,+0.17,fail
2026-07-21 13:47:28,stock,SHORT,AMZN,adx_di_cross,72,2026-07-21 13:40,3c_15m,247.46,-0.11,fail
2026-07-21 13:57:55,stock,SHORT,AMZN,scalp_bias + near_level + momentum,80,2026-07-21 13:50,6c_30m,247.37,-0.08,fail
2026-07-21 13:57:55,stock,SHORT,TSLA,adx_di_cross + delta,77,2026-07-21 13:50,4c_18m,377.81,-0.24,fail
2026-07-21 14:08:21,stock,SHORT,SPCX,vidya_dmi,100,2026-07-21 14:00,2c_10m,122.94,-0.20,fail
2026-07-21 14:18:49,stock,LONG,MSFT,adx_di_cross + near_level,78,2026-07-21 14:10,6c_28m,399.65,+0.11,fail
2026-07-21 14:24:03,stock,LONG,NVDA,scalp_bias + delta,75,2026-07-21 14:15,3c_15m,207.19,+0.11,fail
2026-07-21 14:24:03,stock,LONG,MU,liquidity_sweep + adx_strong,73,2026-07-21 14:15,4c_18m,968.50,+0.40,success
2026-07-21 14:29:16,stock,SHORT,SPCX,mechanical_trigger + delta + cumdelta,83,2026-07-21 14:20,2c_10m,122.15,-0.30,fail
2026-07-21 14:39:45,stock,SHORT,META,adx_di_cross + delta + cumdelta,84,2026-07-21 14:30,5c_25m,643.41,-0.57,success
2026-07-21 14:39:45,stock,SHORT,AMZN,scalp_bias + near_level + momentum,80,2026-07-21 14:30,6c_30m,247.23,-0.12,fail
2026-07-21 14:44:59,stock,LONG,NVDA,scalp_bias + delta,75,2026-07-21 14:35,3c_15m,207.30,+0.14,fail
2026-07-22 11:47:16,levels,LONG,SPY,above_10min_low,,2026-07-22 03:30,,,,
2026-07-22 11:47:16,levels,SHORT,SPY,below_10min_low,,2026-07-22 03:35,,,,
2026-07-22 11:47:16,levels,LONG,SPY,above_10min_low,,2026-07-22 04:00,,,,
2026-07-22 11:47:16,levels,SHORT,SPY,below_10min_low,,2026-07-22 04:30,,,,
2026-07-22 11:47:16,levels,LONG,SPY,above_10min_low,,2026-07-22 04:55,,,,
2026-07-22 11:47:16,levels,SHORT,SPY,below_10min_low,,2026-07-22 06:15,,,,
2026-07-22 11:47:16,levels,LONG,SPY,above_10min_low,,2026-07-22 06:20,,,,
2026-07-22 11:47:16,levels,SHORT,SPY,below_10min_low,,2026-07-22 06:25,,,,
2026-07-22 11:47:16,levels,LONG,SPY,above_10min_low,,2026-07-22 08:30,,,,
2026-07-22 11:47:16,levels,LONG,SPY,above_10min_high,,2026-07-22 08:40,,,,
2026-07-22 11:47:16,levels,LONG,SPY,above_postmarket_high,,2026-07-22 08:55,,,,
2026-07-22 11:47:16,levels,SHORT,SPY,below_postmarket_high,,2026-07-22 09:10,,,,
2026-07-22 11:47:16,levels,SHORT,SPY,below_10min_high,,2026-07-22 09:25,,,,
2026-07-22 11:47:16,levels,LONG,SPY,above_10min_high,,2026-07-22 09:55,,,,
2026-07-22 11:47:16,levels,LONG,SPY,above_postmarket_high,,2026-07-22 10:05,,,,
2026-07-22 11:47:16,levels,LONG,SPY,above_yesterday_high,,2026-07-22 10:20,,,,
2026-07-22 11:47:16,levels,SHORT,SPY,below_yesterday_high,,2026-07-22 10:30,,,,
2026-07-22 11:47:16,levels,LONG,SPY,above_yesterday_high,,2026-07-22 10:45,,,,
2026-07-22 11:47:16,levels,LONG,QQQ,above_10min_low,,2026-07-22 03:05,,,,
2026-07-22 11:47:16,levels,SHORT,QQQ,below_10min_low,,2026-07-22 03:10,,,,
2026-07-22 11:47:16,levels,LONG,QQQ,above_10min_low,,2026-07-22 03:20,,,,
2026-07-22 11:47:16,levels,SHORT,QQQ,below_10min_low,,2026-07-22 03:35,,,,
2026-07-22 11:47:16,levels,LONG,QQQ,above_10min_low,,2026-07-22 03:45,,,,
2026-07-22 11:47:16,levels,LONG,QQQ,above_10min_high,,2026-07-22 05:20,,,,
2026-07-22 11:47:16,levels,SHORT,QQQ,below_10min_high,,2026-07-22 05:25,,,,
2026-07-22 11:47:16,levels,LONG,QQQ,above_10min_high,,2026-07-22 05:45,,,,
2026-07-22 11:47:16,levels,SHORT,QQQ,below_10min_high,,2026-07-22 05:50,,,,
2026-07-22 11:47:16,levels,SHORT,QQQ,below_10min_low,,2026-07-22 06:35,,,,
2026-07-22 11:47:16,levels,SHORT,QQQ,below_yesterday_low,,2026-07-22 06:40,,,,
2026-07-22 11:47:16,levels,LONG,QQQ,above_yesterday_low,,2026-07-22 06:45,,,,
2026-07-22 11:47:16,levels,SHORT,QQQ,below_yesterday_low,,2026-07-22 06:55,,,,
2026-07-22 11:47:16,levels,LONG,QQQ,above_yesterday_low,,2026-07-22 07:30,,,,
2026-07-22 11:47:16,levels,SHORT,QQQ,below_yesterday_low,,2026-07-22 07:45,,,,
2026-07-22 11:47:16,levels,LONG,QQQ,above_yesterday_low,,2026-07-22 08:05,,,,
2026-07-22 11:47:16,levels,SHORT,QQQ,below_yesterday_low,,2026-07-22 08:10,,,,
2026-07-22 11:47:16,levels,LONG,QQQ,above_yesterday_low,,2026-07-22 08:15,,,,
2026-07-22 11:47:16,levels,LONG,QQQ,above_10min_low,,2026-07-22 08:30,,,,
2026-07-22 11:47:16,levels,LONG,QQQ,above_10min_high,,2026-07-22 08:40,,,,
2026-07-22 11:47:16,levels,LONG,SPX,above_10min_high,,2026-07-22 08:40,,,,
2026-07-22 11:47:16,levels,LONG,SPX,above_postmarket_high,,2026-07-22 08:55,,,,
2026-07-22 11:47:16,levels,LONG,SPX,above_postmarket_low,,2026-07-22 08:55,,,,
2026-07-22 11:47:16,levels,SHORT,SPX,below_postmarket_high,,2026-07-22 09:10,,,,
2026-07-22 11:47:16,levels,SHORT,SPX,below_postmarket_low,,2026-07-22 09:10,,,,
2026-07-22 11:47:16,levels,SHORT,SPX,below_10min_high,,2026-07-22 09:25,,,,
2026-07-22 11:47:16,levels,LONG,SPX,above_10min_high,,2026-07-22 09:55,,,,
2026-07-22 11:47:16,levels,LONG,SPX,above_postmarket_high,,2026-07-22 10:05,,,,
2026-07-22 11:47:16,levels,LONG,SPX,above_postmarket_low,,2026-07-22 10:05,,,,
2026-07-22 11:47:16,levels,LONG,SPX,above_yesterday_high,,2026-07-22 10:20,,,,
2026-07-22 11:47:16,levels,SHORT,SPX,below_yesterday_high,,2026-07-22 10:35,,,,
2026-07-22 11:47:16,levels,LONG,SPX,above_yesterday_high,,2026-07-22 10:45,,,,
2026-07-22 11:47:41,stock,SHORT,META,scalp_bias + delta + cumdelta,86,2026-07-22 11:40,10c_50m,627.23,-0.31,fail
2026-07-22 12:08:42,stock,SHORT,AMZN,adx_di_cross + near_level,81,2026-07-22 12:00,8c_38m,242.81,-0.34,fail
2026-07-22 12:13:55,stock,SHORT,META,mechanical_trigger,78,2026-07-22 12:05,4c_18m,628.41,-0.28,fail
2026-07-22 12:13:55,stock,SHORT,AMZN,adx_di_cross,72,2026-07-22 12:05,3c_15m,243.11,-0.17,fail
2026-07-22 12:19:09,stock,SHORT,TSLA,adx_di_cross + delta,77,2026-07-22 12:10,4c_18m,377.11,-0.08,fail
2026-07-22 12:24:22,stock,SHORT,TSLA,adx_di_cross,72,2026-07-22 12:15,3c_15m,376.46,-0.34,fail
2026-07-22 12:29:36,stock,SHORT,META,adx_di_cross + delta + cumdelta,84,2026-07-22 12:20,5c_25m,626.91,-0.28,fail
2026-07-22 12:29:36,stock,SHORT,TSLA,adx_di_cross + delta,77,2026-07-22 12:20,4c_18m,376.46,-0.29,fail
2026-07-22 12:35:53,levels,SHORT,SPY,below_yesterday_high,,2026-07-22 12:30,,,,
2026-07-22 12:35:53,levels,SHORT,SPX,below_yesterday_high,,2026-07-22 12:30,,,,
2026-07-22 12:40:02,stock,SHORT,TSLA,scalp_bias + near_level,80,2026-07-22 12:35,6c_32m,375.52,-0.38,fail
2026-07-22 12:40:56,levels,LONG,SPY,above_yesterday_high,,2026-07-22 12:35,,,,
2026-07-22 12:40:57,levels,LONG,SPX,above_yesterday_high,,2026-07-22 12:35,,,,
2026-07-22 12:45:15,stock,SHORT,TSLA,scalp_bias + delta,78,2026-07-22 12:40,9c_45m,375.15,-0.27,fail
2026-07-22 12:45:15,stock,SHORT,LLY,mechanical_trigger + delta,72,2026-07-22 12:40,5c_25m,1161.49,-0.02,fail
2026-07-22 12:50:28,stock,SHORT,SPCX,scalp_bias + near_level,80,2026-07-22 12:45,6c_32m,118.08,-1.17,success
2026-07-22 12:55:07,levels,SHORT,SPY,below_yesterday_high,,2026-07-22 12:50,,,,
2026-07-22 12:55:07,levels,SHORT,SPX,below_yesterday_high,,2026-07-22 12:50,,,,
2026-07-22 13:03:26,intraday,SHORT,SPX,adx_di_cross + delta,92,2026-07-22 12:55,4c_18m,7505.91,-0.06,fail
2026-07-22 13:05:15,levels,SHORT,SPY,below_postmarket_high,,2026-07-22 13:00,,,,
2026-07-22 13:08:30,intraday,SHORT,SPY,mechanical_trigger + delta + near_level,96,2026-07-22 13:00,6c_28m,748.01,-0.05,fail
2026-07-22 13:10:19,levels,SHORT,SPX,below_postmarket_high,,2026-07-22 13:05,,,,
2026-07-22 13:10:19,levels,SHORT,SPX,below_postmarket_low,,2026-07-22 13:05,,,,
2026-07-22 13:13:33,intraday,SHORT,SPX,scalp_bias + adx_strong,93,2026-07-22 13:05,8c_40m,7505.77,-0.04,fail
2026-07-22 13:18:36,intraday,SHORT,SPY,scalp_bias + near_level + momentum,88,2026-07-22 13:10,6c_30m,748.03,-0.00,fail
2026-07-22 13:21:44,stock,LONG,LLY,adx_di_cross + momentum,67,2026-07-22 13:15,4c_20m,1164.13,+0.03,fail
2026-07-22 13:23:40,intraday,SHORT,QQQ,scalp_bias + adx_strong,93,2026-07-22 13:15,8c_40m,706.40,-0.08,fail
2026-07-22 13:28:43,intraday,SHORT,SPY,mechanical_trigger + delta + near_level,96,2026-07-22 13:20,6c_28m,748.05,-0.02,fail
2026-07-22 13:28:43,intraday,SHORT,QQQ,mechanical_trigger + delta + near_level,96,2026-07-22 13:20,6c_28m,706.40,-0.07,fail
2026-07-22 13:30:33,levels,LONG,SPY,above_postmarket_high,,2026-07-22 13:25,,,,
2026-07-22 13:30:33,levels,LONG,SPX,above_postmarket_high,,2026-07-22 13:25,,,,
2026-07-22 13:30:33,levels,LONG,SPX,above_postmarket_low,,2026-07-22 13:25,,,,
2026-07-22 13:35:37,levels,SHORT,SPY,below_postmarket_high,,2026-07-22 13:30,,,,
2026-07-22 13:35:37,levels,SHORT,SPX,below_postmarket_high,,2026-07-22 13:30,,,,
2026-07-22 13:35:37,levels,SHORT,SPX,below_postmarket_low,,2026-07-22 13:30,,,,
2026-07-22 13:37:23,stock,SHORT,LLY,adx_di_cross + delta + momentum,100,2026-07-22 13:30,6c_28m,1159.11,-0.27,fail
2026-07-22 13:37:23,stock,SHORT,MU,mechanical_trigger + momentum,80,2026-07-22 13:30,3c_15m,964.22,-0.12,fail
2026-07-22 13:38:50,intraday,SHORT,SPY,mechanical_trigger + delta + near_level,96,2026-07-22 13:30,6c_28m,748.11,-0.01,fail
2026-07-22 13:38:50,intraday,SHORT,QQQ,mechanical_trigger + delta + near_level,96,2026-07-22 13:30,6c_28m,706.47,-0.01,fail
2026-07-22 13:42:35,stock,SHORT,LLY,adx_di_cross + momentum,82,2026-07-22 13:35,6c_30m,1157.80,-0.39,fail
2026-07-22 13:43:53,intraday,SHORT,SPY,scalp_bias + mechanical_trigger,87,2026-07-22 13:35,4c_20m,748.11,-0.04,fail
2026-07-22 13:47:46,stock,SHORT,LLY,adx_di_cross + delta + momentum,100,2026-07-22 13:40,6c_28m,1157.80,-0.32,fail
2026-07-22 13:48:56,intraday,SHORT,QQQ,mechanical_trigger + delta + near_level,96,2026-07-22 13:40,6c_28m,706.79,-0.02,fail
2026-07-22 13:48:56,intraday,SHORT,SPY,scalp_bias + mechanical_trigger + momentum,88,2026-07-22 13:40,4c_20m,748.11,-0.02,fail
2026-07-22 13:54:00,intraday,SHORT,SPY,scalp_bias + near_level + momentum,88,2026-07-22 13:45,6c_30m,747.83,-0.05,fail
2026-07-22 13:55:53,levels,LONG,SPY,above_postmarket_high,,2026-07-22 13:50,,,,
2026-07-22 13:55:53,levels,LONG,SPX,above_postmarket_high,,2026-07-22 13:50,,,,
2026-07-22 13:55:53,levels,LONG,SPX,above_postmarket_low,,2026-07-22 13:50,,,,
2026-07-22 13:58:11,stock,LONG,NVDA,scalp_bias + delta,75,2026-07-22 13:50,3c_15m,214.21,+0.17,fail
2026-07-22 13:58:11,stock,SHORT,TSLA,adx_di_cross,72,2026-07-22 13:50,3c_15m,374.28,-0.32,fail
2026-07-22 14:00:57,levels,SHORT,SPY,below_postmarket_high,,2026-07-22 13:55,,,,
2026-07-22 14:03:23,stock,SHORT,TSLA,adx_di_cross + delta,77,2026-07-22 13:55,4c_18m,373.75,-0.42,success
2026-07-22 14:04:06,intraday,SHORT,SPY,scalp_bias + delta + near_level,84,2026-07-22 13:55,10c_50m,747.36,-0.14,fail
2026-07-22 14:05:00,levels,SHORT,SPX,below_postmarket_high,,2026-07-22 14:00,,,,
2026-07-22 14:05:00,levels,SHORT,SPX,below_postmarket_low,,2026-07-22 14:00,,,,
2026-07-22 14:08:35,stock,SHORT,LLY,scalp_bias + cumdelta + near_level,90,2026-07-22 14:00,8c_40m,1153.50,-0.39,fail
2026-07-22 14:08:35,stock,LONG,NVDA,scalp_bias + delta,75,2026-07-22 14:00,3c_15m,214.07,+0.05,fail
2026-07-22 14:08:35,stock,SHORT,TSLA,adx_di_cross,72,2026-07-22 14:00,3c_15m,373.75,-0.47,success
2026-07-22 14:09:10,intraday,SHORT,SPY,adx_di_cross + delta,92,2026-07-22 14:00,4c_18m,747.83,-0.05,fail
2026-07-22 14:13:48,stock,LONG,AMZN,mechanical_trigger + delta + adx_strong,100,2026-07-22 14:05,6c_30m,244.90,+0.13,fail
2026-07-22 14:13:48,stock,SHORT,TSLA,adx_di_cross + delta,77,2026-07-22 14:05,4c_18m,373.75,-0.15,fail
2026-07-22 14:13:48,stock,SHORT,LLY,scalp_bias + momentum,74,2026-07-22 14:05,6c_28m,1153.50,-0.44,success
2026-07-22 14:14:13,intraday,SHORT,SPY,mechanical_trigger + delta + near_level,96,2026-07-22 14:05,6c_28m,747.65,-0.07,fail
2026-07-22 14:19:00,stock,SHORT,LLY,scalp_bias + cumdelta + near_level,90,2026-07-22 14:10,8c_40m,1153.50,-0.32,fail
2026-07-22 14:19:17,intraday,SHORT,QQQ,mechanical_trigger + delta + near_level,96,2026-07-22 14:10,6c_28m,706.06,-0.11,fail
2026-07-22 14:24:13,stock,LONG,AMZN,mechanical_trigger + delta + adx_strong,100,2026-07-22 14:15,6c_30m,244.86,+0.05,fail
2026-07-22 14:24:13,stock,SHORT,META,scalp_bias + delta + cumdelta,86,2026-07-22 14:15,10c_50m,624.00,-0.36,fail
2026-07-22 14:24:13,stock,SHORT,MSFT,liquidity_sweep + cumdelta + adx_strong,80,2026-07-22 14:20,16c_80m,388.29,-0.26,fail
2026-07-22 14:24:13,stock,SHORT,LLY,scalp_bias + momentum,74,2026-07-22 14:15,6c_28m,1153.50,-0.31,fail
2026-07-22 14:24:13,stock,SHORT,TSLA,adx_di_cross,72,2026-07-22 14:15,3c_15m,374.46,-0.12,fail
2026-07-22 14:24:20,intraday,SHORT,SPY,scalp_bias + near_level + momentum,88,2026-07-22 14:15,6c_30m,747.36,-0.10,fail
2026-07-22 14:29:28,stock,SHORT,LLY,scalp_bias + delta + cumdelta,86,2026-07-22 14:20,10c_50m,1153.50,-0.15,fail
2026-07-22 14:29:28,stock,SHORT,META,adx_di_cross + cumdelta,78,2026-07-22 14:20,4c_18m,625.19,-0.28,fail
2026-07-22 14:39:36,intraday,SHORT,QQQ,mechanical_trigger + delta + near_level,96,2026-07-22 14:30,6c_28m,705.19,-0.24,fail
2026-07-22 14:39:55,stock,SHORT,META,scalp_bias + delta + cumdelta,86,2026-07-22 14:30,10c_50m,624.00,-0.36,fail
2026-07-22 14:40:29,levels,SHORT,SPY,below_10min_high,,2026-07-22 14:35,,,,
2026-07-22 14:40:29,levels,SHORT,SPX,below_10min_high,,2026-07-22 14:35,,,,
2026-07-22 14:44:39,intraday,SHORT,SPX,confluence_star + cumdelta + near_level,100,2026-07-22 14:35,19c_95m,7498.48,-0.01,fail
2026-07-22 14:44:39,intraday,SHORT,QQQ,scalp_bias + adx_strong,93,2026-07-22 14:35,8c_40m,704.23,-0.28,success
2026-07-22 14:44:39,intraday,SHORT,SPY,scalp_bias + momentum + adx_strong,86,2026-07-22 14:35,17c_85m,746.89,-0.07,fail
2026-07-22 14:45:33,levels,LONG,SPY,above_10min_high,,2026-07-22 14:40,,,,
2026-07-22 14:45:33,levels,LONG,SPX,above_10min_high,,2026-07-22 14:40,,,,
2026-07-22 15:00:45,levels,SHORT,SPY,below_10min_high,,2026-07-22 14:55,,,,
2026-07-22 15:00:45,levels,SHORT,QQQ,below_10min_high,,2026-07-22 14:55,,,,
2026-07-22 15:00:45,levels,SHORT,SPX,below_10min_high,,2026-07-22 14:55,,,,
2026-07-22 15:15:56,levels,LONG,SPY,above_postmarket_high,,2026-07-22 15:10,,,,
2026-07-22 15:15:56,levels,LONG,SPY,above_10min_high,,2026-07-22 15:10,,,,
2026-07-22 15:15:57,levels,LONG,QQQ,above_10min_high,,2026-07-22 15:10,,,,
2026-07-24 09:32:12,levels,LONG,SPY,above_10min_high,,2026-07-24 03:25,,,,
2026-07-24 09:32:12,levels,SHORT,SPY,below_10min_high,,2026-07-24 07:45,,,,
2026-07-24 09:32:12,levels,LONG,SPY,above_10min_high,,2026-07-24 08:45,,,,
2026-07-24 09:32:12,levels,SHORT,SPY,below_10min_high,,2026-07-24 08:50,,,,
2026-07-24 09:32:12,levels,SHORT,SPY,below_10min_low,,2026-07-24 08:50,,,,
2026-07-24 09:32:12,levels,LONG,QQQ,above_10min_high,,2026-07-24 03:25,,,,
2026-07-24 09:32:12,levels,SHORT,QQQ,below_10min_high,,2026-07-24 04:00,,,,
2026-07-24 09:32:12,levels,LONG,QQQ,above_10min_high,,2026-07-24 04:05,,,,
2026-07-24 09:32:12,levels,SHORT,QQQ,below_10min_high,,2026-07-24 06:40,,,,
2026-07-24 09:32:12,levels,LONG,QQQ,above_10min_high,,2026-07-24 06:55,,,,
2026-07-24 09:32:12,levels,SHORT,QQQ,below_10min_high,,2026-07-24 07:50,,,,
2026-07-24 09:32:12,levels,SHORT,QQQ,below_10min_low,,2026-07-24 08:40,,,,
2026-07-24 09:32:12,levels,LONG,QQQ,above_10min_low,,2026-07-24 08:45,,,,
2026-07-24 09:32:12,levels,SHORT,QQQ,below_yesterday_low,,2026-07-24 08:50,,,,
2026-07-24 09:32:12,levels,SHORT,QQQ,below_10min_low,,2026-07-24 08:50,,,,
2026-07-24 09:32:12,levels,LONG,SPX,above_10min_high,,2026-07-24 08:45,,,,
2026-07-24 09:32:12,levels,SHORT,SPX,below_postmarket_high,,2026-07-24 08:50,,,,
2026-07-24 09:32:12,levels,SHORT,SPX,below_postmarket_low,,2026-07-24 08:50,,,,
2026-07-24 09:32:12,levels,SHORT,SPX,below_10min_high,,2026-07-24 08:50,,,,
2026-07-24 09:32:12,levels,SHORT,SPX,below_10min_low,,2026-07-24 08:50,,,,
2026-07-24 09:32:12,levels,LONG,SPX,above_postmarket_high,,2026-07-24 09:05,,,,
2026-07-24 09:32:12,levels,LONG,SPX,above_postmarket_low,,2026-07-24 09:05,,,,
2026-07-24 09:32:12,levels,LONG,SPX,above_10min_low,,2026-07-24 09:05,,,,
2026-07-24 09:32:26,stock,SHORT,META,mechanical_trigger + delta + cumdelta,83,2026-07-24 09:10,2c_10m,600.75,-0.29,fail
2026-07-24 09:33:13,levels,SHORT,SPX,below_postmarket_high,,2026-07-24 09:15,,,,
2026-07-24 09:33:13,levels,SHORT,SPX,below_postmarket_low,,2026-07-24 09:15,,,,
2026-07-24 09:37:21,intraday,SHORT,SPY,mechanical_trigger + delta + near_level,96,2026-07-24 09:15,6c_28m,737.84,-0.09,fail
2026-07-24 09:37:37,stock,SHORT,AMZN,adx_di_cross,72,2026-07-24 09:30,3c_15m,231.35,-0.22,fail
2026-07-24 10:18:45,levels,SHORT,SPX,below_10min_low,,2026-07-24 09:35,,,,
2026-07-24 10:18:45,levels,LONG,SPX,above_10min_low,,2026-07-24 09:45,,,,
2026-07-24 10:18:45,levels,LONG,SPX,above_postmarket_high,,2026-07-24 09:50,,,,
2026-07-24 10:18:45,levels,LONG,SPX,above_postmarket_low,,2026-07-24 09:50,,,,
2026-07-24 10:18:45,levels,LONG,SPX,above_10min_high,,2026-07-24 09:55,,,,
2026-07-24 10:18:45,levels,SHORT,SPX,below_10min_high,,2026-07-24 10:05,,,,
2026-07-24 10:18:45,levels,LONG,SPX,above_10min_high,,2026-07-24 10:10,,,,
2026-07-24 10:23:48,levels,LONG,QQQ,above_yesterday_low,,2026-07-24 09:55,,,,
2026-07-24 10:23:48,levels,SHORT,QQQ,below_yesterday_low,,2026-07-24 10:00,,,,
2026-07-24 10:23:48,levels,LONG,QQQ,above_yesterday_low,,2026-07-24 10:10,,,,
2026-07-24 10:23:48,levels,LONG,QQQ,above_postmarket_low,,2026-07-24 10:10,,,,
2026-07-24 10:23:48,levels,SHORT,QQQ,below_postmarket_low,,2026-07-24 10:15,,,,
2026-07-24 10:24:17,stock,SHORT,SPCX,scalp_bias + near_level,80,2026-07-24 10:15,6c_32m,112.19,-0.02,fail
2026-07-24 10:24:17,stock,LONG,MSFT,adx_di_cross + cumdelta + adx_strong,79,2026-07-24 10:15,6c_32m,386.03,+0.32,fail
2026-07-24 10:24:49,levels,SHORT,SPY,below_10min_low,,2026-07-24 09:30,,,,
2026-07-24 10:24:49,levels,LONG,SPY,above_10min_low,,2026-07-24 09:45,,,,
2026-07-24 10:24:49,levels,LONG,SPY,above_10min_high,,2026-07-24 09:55,,,,
2026-07-24 10:25:50,levels,LONG,QQQ,above_postmarket_low,,2026-07-24 10:20,,,,
2026-07-24 10:29:29,stock,LONG,NVDA,scalp_bias + delta,75,2026-07-24 10:20,3c_15m,209.88,+0.14,fail
2026-07-24 10:30:54,levels,LONG,SPY,above_yesterday_high,,2026-07-24 10:25,,,,
2026-07-24 10:35:59,levels,SHORT,SPY,below_yesterday_high,,2026-07-24 10:30,,,,
2026-07-24 10:39:02,levels,LONG,QQQ,above_10min_low,,2026-07-24 10:35,,,,
2026-07-24 10:40:02,levels,LONG,SPY,above_yesterday_high,,2026-07-24 10:35,,,,
2026-07-24 10:45:06,stock,LONG,LLY,mechanical_trigger + momentum + adx_strong,75,2026-07-24 10:40,9c_45m,1203.45,+0.16,fail
2026-07-24 10:45:07,levels,SHORT,SPX,below_yesterday_high,,2026-07-24 10:40,,,,
2026-07-24 10:55:30,stock,LONG,NVDA,mechanical_trigger + delta,67,2026-07-24 10:50,3c_15m,211.55,+0.83,success
2026-07-24 11:00:19,levels,LONG,SPY,above_yesterday_high,,2026-07-24 10:55,,,,
2026-07-24 11:00:20,levels,LONG,SPX,above_yesterday_high,,2026-07-24 10:55,,,,
2026-07-24 11:00:42,stock,LONG,NVDA,scalp_bias + delta,75,2026-07-24 10:55,3c_15m,211.91,+0.82,success
2026-07-24 11:05:54,stock,LONG,SPCX,adx_di_cross + delta + momentum,71,2026-07-24 11:00,3c_15m,113.60,+0.09,fail
2026-07-24 11:11:06,stock,SHORT,META,adx_di_cross + delta + cumdelta,84,2026-07-24 11:05,5c_25m,601.75,-0.34,fail
2026-07-24 11:16:18,stock,SHORT,SPCX,adx_di_cross + delta + momentum,100,2026-07-24 11:10,6c_28m,112.26,-0.21,fail
2026-07-24 11:21:30,stock,LONG,MSFT,adx_di_cross + cumdelta,73,2026-07-24 11:15,7c_35m,385.33,+0.08,fail
2026-07-24 11:26:42,stock,SHORT,SPCX,adx_di_cross + momentum,82,2026-07-24 11:20,6c_30m,112.35,-0.25,fail
2026-07-24 11:31:54,stock,LONG,MSFT,adx_di_cross + cumdelta + adx_strong,79,2026-07-24 11:25,6c_32m,385.29,+0.04,fail
2026-07-24 11:35:50,levels,SHORT,SPY,below_yesterday_high,,2026-07-24 11:30,,,,
2026-07-24 11:35:51,levels,SHORT,SPX,below_yesterday_high,,2026-07-24 11:30,,,,
2026-07-24 11:37:06,stock,SHORT,META,scalp_bias + delta + cumdelta,86,2026-07-24 11:30,10c_50m,600.07,-0.37,fail
2026-07-24 11:42:19,stock,SHORT,META,mechanical_trigger + momentum,80,2026-07-24 11:35,3c_15m,600.07,-0.41,success
2026-07-24 11:46:00,levels,SHORT,QQQ,below_10min_low,,2026-07-24 11:40,,,,
2026-07-24 11:47:32,stock,SHORT,META,scalp_bias + delta + cumdelta,86,2026-07-24 11:40,10c_50m,600.07,-0.29,fail
2026-07-24 11:52:43,stock,SHORT,META,mechanical_trigger + delta + cumdelta,83,2026-07-24 11:45,2c_10m,600.24,-0.08,fail
2026-07-24 11:57:55,stock,SHORT,META,mechanical_trigger + momentum,80,2026-07-24 11:50,3c_15m,600.56,-0.19,fail
2026-07-24 12:08:19,stock,SHORT,TSLA,adx_di_cross + delta + cumdelta,84,2026-07-24 12:00,5c_25m,308.00,-0.23,fail
2026-07-24 12:10:21,levels,SHORT,QQQ,below_postmarket_low,,2026-07-24 12:05,,,,
2026-07-24 12:14:12,intraday,SHORT,QQQ,scalp_bias + adx_strong,93,2026-07-24 12:05,8c_40m,687.70,-0.03,fail
2026-07-24 12:18:45,stock,SHORT,TSLA,adx_di_cross + cumdelta,78,2026-07-24 12:10,4c_18m,308.35,-0.13,fail
2026-07-24 12:20:31,levels,LONG,QQQ,above_postmarket_low,,2026-07-24 12:15,,,,
2026-07-24 12:30:43,levels,LONG,QQQ,above_10min_low,,2026-07-24 12:25,,,,
2026-07-24 12:40:59,levels,SHORT,QQQ,below_10min_low,,2026-07-24 12:35,,,,
2026-07-24 12:41:13,stock,SHORT,LLY,adx_di_cross + delta + momentum,100,2026-07-24 12:35,6c_28m,1194.31,-0.30,fail
2026-07-24 12:41:13,stock,SHORT,META,adx_di_cross + delta + cumdelta,84,2026-07-24 12:35,5c_25m,599.13,-0.36,fail
2026-07-24 12:41:13,stock,SHORT,TSLA,adx_di_cross + delta + cumdelta,84,2026-07-24 12:35,5c_25m,308.00,-0.24,fail
2026-07-24 12:41:13,stock,SHORT,AMZN,adx_di_cross,72,2026-07-24 12:35,3c_15m,232.71,-0.04,fail
2026-07-24 12:45:03,levels,SHORT,QQQ,below_postmarket_low,,2026-07-24 12:40,,,,
2026-07-24 12:46:28,stock,SHORT,META,mechanical_trigger + momentum,80,2026-07-24 12:40,3c_15m,601.00,-0.06,fail
2026-07-24 12:50:07,levels,LONG,QQQ,above_postmarket_low,,2026-07-24 12:45,,,,
2026-07-24 12:51:46,stock,SHORT,TSLA,adx_di_cross + cumdelta,78,2026-07-24 12:45,4c_18m,308.84,-0.08,fail
2026-07-24 12:57:07,stock,LONG,MSFT,adx_di_cross + cumdelta,73,2026-07-24 12:50,7c_35m,384.93,+0.05,fail
2026-07-24 13:00:16,levels,SHORT,QQQ,below_postmarket_low,,2026-07-24 12:55,,,,
2026-07-24 13:02:23,stock,LONG,MSFT,adx_di_cross + near_level,78,2026-07-24 12:55,6c_28m,384.93,+0.06,fail
2026-07-24 13:05:39,intraday,SHORT,QQQ,scalp_bias + cumdelta,92,2026-07-24 13:00,2c_10m,687.54,-0.12,fail
2026-07-24 13:07:35,stock,LONG,MSFT,adx_di_cross + cumdelta,73,2026-07-24 13:00,7c_35m,384.90,+0.08,fail
2026-07-24 13:15:30,levels,SHORT,QQQ,below_yesterday_low,,2026-07-24 13:10,,,,
2026-07-24 13:20:54,intraday,SHORT,SPY,scalp_bias + momentum,84,2026-07-24 13:15,6c_28m,737.64,-0.35,success
2026-07-24 13:23:27,stock,SHORT,SPCX,adx_di_cross + delta,77,2026-07-24 13:15,4c_18m,112.75,-0.10,fail
2026-07-24 13:28:51,stock,SHORT,AMZN,scalp_bias + mechanical_trigger + momentum,82,2026-07-24 13:20,4c_20m,231.62,-0.38,fail
2026-07-24 13:28:51,stock,SHORT,SPCX,adx_di_cross,72,2026-07-24 13:20,3c_15m,112.83,-0.12,fail
2026-07-24 13:30:44,levels,SHORT,SPY,below_10min_high,,2026-07-24 13:25,,,,
2026-07-24 13:30:45,levels,SHORT,SPX,below_10min_high,,2026-07-24 13:25,,,,
2026-07-24 13:31:14,intraday,SHORT,SPY,confluence_star + near_level,88,2026-07-24 13:25,23c_115m,737.29,-0.24,fail
2026-07-24 13:35:49,levels,SHORT,SPY,below_10min_low,,2026-07-24 13:30,,,,
2026-07-24 13:35:49,levels,SHORT,SPX,below_postmarket_high,,2026-07-24 13:30,,,,
2026-07-24 13:35:49,levels,SHORT,SPX,below_postmarket_low,,2026-07-24 13:30,,,,
2026-07-24 13:35:49,levels,SHORT,SPX,below_10min_low,,2026-07-24 13:30,,,,
2026-07-24 13:36:20,intraday,SHORT,SPX,confluence_star + cumdelta + near_level,100,2026-07-24 13:30,19c_95m,7396.53,-0.12,fail
2026-07-24 13:36:20,intraday,SHORT,SPY,scalp_bias + near_level + momentum,88,2026-07-24 13:30,6c_30m,737.64,-0.07,fail
2026-07-24 13:39:53,stock,SHORT,NVDA,mechanical_trigger + cumdelta,100,2026-07-24 13:30,2c_10m,206.13,-0.49,success
2026-07-24 13:46:30,intraday,SHORT,SPX,scalp_bias + adx_strong,93,2026-07-24 13:40,8c_40m,7396.87,-0.07,fail
2026-07-24 13:46:30,intraday,SHORT,SPY,scalp_bias + momentum + adx_strong,86,2026-07-24 13:40,17c_85m,737.29,-0.08,fail
2026-07-24 13:50:02,levels,LONG,SPX,above_10min_low,,2026-07-24 13:45,,,,
2026-07-24 13:50:32,stock,SHORT,AMZN,scalp_bias + near_level + momentum,80,2026-07-24 13:45,6c_30m,231.67,-0.13,fail
2026-07-24 13:50:32,stock,LONG,SPCX,adx_di_cross + delta + momentum,71,2026-07-24 13:45,3c_15m,114.60,+1.23,success
2026-07-24 13:51:03,levels,SHORT,SPX,below_10min_low,,2026-07-24 13:50,,,,
2026-07-24 13:51:36,intraday,SHORT,SPY,mechanical_trigger + cumdelta + near_level,93,2026-07-24 13:45,14c_70m,737.29,-0.14,fail
2026-07-24 13:56:43,intraday,SHORT,SPY,mechanical_trigger + delta + near_level,96,2026-07-24 13:50,6c_28m,737.41,-0.11,fail
2026-07-24 13:56:43,intraday,SHORT,QQQ,scalp_bias + adx_strong,93,2026-07-24 13:50,8c_40m,682.48,-0.31,success
2026-07-24 14:00:11,levels,LONG,SPX,above_10min_low,,2026-07-24 13:55,,,,
2026-07-24 14:01:49,intraday,SHORT,SPY,mechanical_trigger + cumdelta + near_level,93,2026-07-24 13:55,14c_70m,737.29,-0.15,fail
2026-07-24 14:05:14,levels,SHORT,SPX,below_10min_low,,2026-07-24 14:00,,,,
2026-07-24 14:06:55,intraday,SHORT,SPY,scalp_bias + near_level + momentum,88,2026-07-24 14:00,6c_30m,737.29,-0.13,fail
2026-07-24 14:12:09,intraday,SHORT,SPY,scalp_bias + momentum + adx_strong,86,2026-07-24 14:05,17c_85m,737.29,-0.04,fail
2026-07-24 14:39:17,stock,SHORT,TSLA,liquidity_sweep + cumdelta,73,2026-07-24 14:30,11c_55m,309.50,-0.07,fail
2026-07-24 14:50:54,levels,LONG,SPX,above_10min_low,,2026-07-24 14:45,,,,
2026-07-24 14:55:57,levels,LONG,SPY,above_10min_low,,2026-07-24 14:50,,,,
2026-07-24 15:00:01,levels,LONG,SPX,above_postmarket_high,,2026-07-24 14:55,,,,
2026-07-24 15:00:01,levels,LONG,SPX,above_postmarket_low,,2026-07-24 14:55,,,,
2026-07-24 15:09:09,levels,SHORT,SPY,below_10min_low,,2026-07-24 15:05,,,,
2026-07-24 15:35:36,levels,SHORT,SPY,below_10min_low,,2026-07-24 15:30,,,,
2026-07-24 15:45:44,levels,LONG,SPY,above_10min_low,,2026-07-24 15:40,,,,
2026-07-24 15:50:47,levels,SHORT,SPY,below_10min_low,,2026-07-24 15:45,,,,
2026-07-24 15:55:51,levels,LONG,SPY,above_10min_low,,2026-07-24 15:50,,,,
2026-07-24 16:10:01,levels,SHORT,SPY,below_10min_low,,2026-07-24 16:05,,,,
2026-07-24 16:25:12,levels,LONG,SPY,above_10min_low,,2026-07-24 16:20,,,,
2026-07-24 18:51:00,levels,SHORT,SPY,below_10min_low,,2026-07-24 18:45,,,,
2026-07-24 19:00:06,levels,LONG,SPY,above_10min_low,,2026-07-24 18:55,,,,
2026-07-27 09:02:11,levels,LONG,SPY,above_10min_high,,2026-07-27 03:25,,,,
2026-07-27 09:02:11,levels,SHORT,SPY,below_10min_high,,2026-07-27 06:25,,,,
2026-07-27 09:02:11,levels,LONG,SPY,above_10min_high,,2026-07-27 07:00,,,,
2026-07-27 09:02:11,levels,SHORT,SPY,below_10min_high,,2026-07-27 07:05,,,,
2026-07-27 09:02:11,levels,SHORT,SPY,below_yesterday_high,,2026-07-27 08:40,,,,
2026-07-27 09:02:11,levels,SHORT,SPY,below_10min_low,,2026-07-27 08:40,,,,
2026-07-27 09:02:11,levels,LONG,SPY,above_yesterday_high,,2026-07-27 08:45,,,,
2026-07-27 09:02:11,levels,SHORT,SPY,below_yesterday_high,,2026-07-27 08:50,,,,
2026-07-27 09:02:11,levels,SHORT,QQQ,below_yesterday_high,,2026-07-27 08:25,,,,
2026-07-27 09:02:11,levels,SHORT,QQQ,below_10min_high,,2026-07-27 08:25,,,,
2026-07-27 09:02:11,levels,SHORT,QQQ,below_10min_low,,2026-07-27 08:40,,,,
2026-07-27 09:02:11,levels,SHORT,SPX,below_yesterday_high,,2026-07-27 08:40,,,,
2026-07-27 09:02:11,levels,SHORT,SPX,below_10min_low,,2026-07-27 08:40,,,,
2026-07-27 09:02:11,levels,LONG,SPX,above_yesterday_high,,2026-07-27 08:45,,,,
2026-07-27 09:02:11,levels,LONG,SPX,above_10min_low,,2026-07-27 08:45,,,,
2026-07-27 09:02:11,levels,SHORT,SPX,below_yesterday_high,,2026-07-27 08:50,,,,
2026-07-27 09:02:11,levels,SHORT,SPX,below_10min_low,,2026-07-27 08:50,,,,
2026-07-27 09:02:16,intraday,SHORT,QQQ,mechanical_trigger + delta + near_level,96,2026-07-27 08:55,6c_28m,681.42,-0.64,success
2026-07-27 09:02:25,stock,LONG,MU,liquidity_sweep + adx_strong,73,2026-07-27 08:50,4c_18m,929.64,+0.11,fail
2026-07-27 09:07:19,intraday,SHORT,QQQ,scalp_bias + adx_strong,93,2026-07-27 09:00,8c_40m,675.95,-1.33,success
2026-07-27 09:12:22,intraday,SHORT,SPY,scalp_bias + near_level + momentum,88,2026-07-27 09:05,6c_30m,737.14,-0.62,success
2026-07-27 09:12:49,stock,SHORT,MU,mechanical_trigger + momentum,80,2026-07-27 09:05,3c_15m,874.24,-2.17,success
2026-07-27 09:25:28,levels,SHORT,QQQ,below_yesterday_low,,2026-07-27 09:20,,,,
2026-07-27 09:30:32,levels,SHORT,SPX,below_postmarket_high,,2026-07-27 09:25,,,,
2026-07-27 09:30:32,levels,SHORT,SPX,below_postmarket_low,,2026-07-27 09:25,,,,
2026-07-27 09:37:47,intraday,SHORT,SPY,scalp_bias + near_level + momentum,88,2026-07-27 09:30,6c_30m,736.54,-0.19,fail
2026-07-27 09:44:29,stock,SHORT,META,adx_di_cross + delta + cumdelta,84,2026-07-27 09:35,5c_25m,598.98,-0.62,success
2026-07-27 09:45:46,levels,SHORT,SPY,below_yesterday_low,,2026-07-27 09:40,,,,
2026-07-27 09:45:46,levels,SHORT,SPY,below_postmarket_low,,2026-07-27 09:40,,,,
2026-07-27 09:45:47,levels,SHORT,SPX,below_yesterday_low,,2026-07-27 09:40,,,,
2026-07-27 09:47:56,intraday,SHORT,SPX,mechanical_trigger + delta + near_level,96,2026-07-27 09:40,6c_28m,7390.69,+0.00,fail
2026-07-27 09:47:56,intraday,SHORT,SPY,scalp_bias + momentum + adx_strong,86,2026-07-27 09:40,17c_85m,736.34,-0.06,fail
2026-07-27 09:50:50,levels,LONG,SPY,above_yesterday_low,,2026-07-27 09:45,,,,
2026-07-27 09:50:50,levels,LONG,SPY,above_postmarket_low,,2026-07-27 09:45,,,,
2026-07-27 09:50:50,levels,LONG,SPX,above_yesterday_low,,2026-07-27 09:45,,,,
2026-07-27 09:53:01,intraday,SHORT,SPX,scalp_bias + adx_strong,93,2026-07-27 09:45,8c_40m,7402.58,-0.01,fail
2026-07-27 09:53:01,intraday,SHORT,SPY,scalp_bias + near_level + momentum,88,2026-07-27 09:45,6c_30m,737.93,-0.01,fail
2026-07-27 09:58:08,intraday,SHORT,SPX,mechanical_trigger + cumdelta + near_level,93,2026-07-27 09:50,14c_70m,7386.55,-0.30,success
2026-07-27 10:00:22,stock,LONG,AAPL,adx_di_cross + delta,83,2026-07-27 09:55,5c_25m,339.50,+0.38,fail
2026-07-27 10:00:22,stock,SHORT,META,mechanical_trigger,78,2026-07-27 09:55,4c_18m,602.31,-0.13,fail
2026-07-27 10:00:58,levels,LONG,SPX,above_postmarket_high,,2026-07-27 09:55,,,,
2026-07-27 10:00:58,levels,LONG,SPX,above_postmarket_low,,2026-07-27 09:55,,,,
2026-07-27 10:10:55,stock,LONG,AAPL,adx_di_cross,75,2026-07-27 10:05,5c_25m,339.57,+0.29,fail
2026-07-27 10:20:12,levels,SHORT,SPX,below_postmarket_high,,2026-07-27 10:15,,,,
2026-07-27 10:20:12,levels,SHORT,SPX,below_postmarket_low,,2026-07-27 10:15,,,,
2026-07-27 10:21:26,stock,SHORT,TSLA,scalp_bias + cumdelta + near_level,90,2026-07-27 10:15,8c_40m,307.03,-0.48,success
2026-07-27 10:26:42,stock,SHORT,TSLA,scalp_bias + mechanical_trigger + momentum,82,2026-07-27 10:20,4c_20m,307.03,-0.32,fail
2026-07-27 10:28:41,intraday,SHORT,SPY,mechanical_trigger + delta + near_level,96,2026-07-27 10:20,6c_28m,736.34,-0.25,fail
2026-07-27 10:32:03,stock,LONG,SPCX,adx_di_cross + delta + momentum,71,2026-07-27 10:25,3c_15m,112.63,+0.84,success
2026-07-27 10:33:45,intraday,SHORT,SPY,scalp_bias + mechanical_trigger + momentum,88,2026-07-27 10:25,4c_20m,736.34,-0.26,success
2026-07-27 10:35:23,levels,SHORT,SPY,below_postmarket_low,,2026-07-27 10:30,,,,
2026-07-27 10:37:18,stock,SHORT,LLY,adx_di_cross + delta + momentum,100,2026-07-27 10:30,6c_28m,1196.74,-0.11,fail
2026-07-27 10:40:27,levels,SHORT,SPY,below_yesterday_low,,2026-07-27 10:35,,,,
2026-07-27 10:40:28,levels,SHORT,SPX,below_yesterday_low,,2026-07-27 10:35,,,,
2026-07-27 10:42:33,stock,SHORT,LLY,adx_di_cross + momentum,82,2026-07-27 10:40,6c_30m,1196.10,-0.20,fail
2026-07-27 10:43:56,intraday,SHORT,SPX,mechanical_trigger + delta + near_level,96,2026-07-27 10:35,6c_28m,7389.37,-0.03,fail
2026-07-27 10:45:31,levels,LONG,SPY,above_yesterday_low,,2026-07-27 10:40,,,,
2026-07-27 10:45:32,levels,LONG,SPX,above_yesterday_low,,2026-07-27 10:40,,,,
2026-07-27 10:49:00,intraday,SHORT,SPX,scalp_bias + adx_strong,93,2026-07-27 10:40,8c_40m,7390.26,-0.09,fail
2026-07-27 10:50:35,levels,SHORT,SPY,below_yesterday_low,,2026-07-27 10:45,,,,
2026-07-27 10:50:36,levels,SHORT,SPX,below_yesterday_low,,2026-07-27 10:45,,,,
2026-07-27 10:54:05,intraday,SHORT,SPX,mechanical_trigger + delta + near_level,96,2026-07-27 10:45,6c_28m,7390.57,-0.02,fail
2026-07-27 10:59:10,intraday,SHORT,SPX,scalp_bias + adx_strong,93,2026-07-27 10:50,8c_40m,7392.18,-0.02,fail
2026-07-27 11:00:43,levels,LONG,SPY,above_yesterday_low,,2026-07-27 10:55,,,,
2026-07-27 11:00:43,levels,LONG,SPX,above_yesterday_low,,2026-07-27 10:55,,,,
2026-07-27 11:03:41,stock,SHORT,META,scalp_bias + delta + cumdelta,86,2026-07-27 10:55,10c_50m,597.39,-0.60,success
2026-07-27 11:05:47,levels,LONG,SPY,above_postmarket_low,,2026-07-27 11:00,,,,
2026-07-27 11:08:55,stock,SHORT,AMZN,scalp_bias + mechanical_trigger + momentum,82,2026-07-27 11:00,4c_20m,230.99,-0.44,success
2026-07-27 11:08:55,stock,SHORT,META,mechanical_trigger + momentum,80,2026-07-27 11:00,3c_15m,597.39,-0.71,success
2026-07-27 11:14:13,stock,SHORT,META,scalp_bias + delta + cumdelta,86,2026-07-27 11:05,10c_50m,597.00,-0.29,fail
2026-07-27 11:15:54,levels,SHORT,SPY,below_postmarket_low,,2026-07-27 11:10,,,,
2026-07-27 11:20:59,levels,SHORT,SPX,below_yesterday_low,,2026-07-27 11:15,,,,
2026-07-27 11:24:58,stock,SHORT,TSLA,adx_di_cross + delta + cumdelta,84,2026-07-27 11:15,5c_25m,307.34,-0.23,fail
2026-07-27 11:24:58,stock,LONG,AAPL,adx_di_cross + delta,83,2026-07-27 11:15,5c_25m,338.13,+0.19,fail
2026-07-27 11:25:01,levels,LONG,SPY,above_postmarket_low,,2026-07-27 11:20,,,,
2026-07-27 11:25:02,levels,LONG,SPX,above_yesterday_low,,2026-07-27 11:20,,,,
2026-07-27 11:29:05,levels,LONG,SPX,above_postmarket_high,,2026-07-27 11:25,,,,
2026-07-27 11:29:05,levels,LONG,SPX,above_postmarket_low,,2026-07-27 11:25,,,,
2026-07-27 11:30:14,stock,SHORT,LLY,adx_di_cross + delta + momentum,100,2026-07-27 11:25,6c_28m,1195.43,-0.23,fail
2026-07-27 11:30:14,stock,LONG,AAPL,adx_di_cross + cumdelta + near_level,80,2026-07-27 11:25,8c_40m,338.13,+0.20,fail
2026-07-27 11:30:14,stock,SHORT,TSLA,adx_di_cross + cumdelta,78,2026-07-27 11:25,4c_18m,308.03,-0.44,success
2026-07-27 11:35:09,levels,LONG,SPX,above_postmarket_high,,2026-07-27 11:30,,,,
2026-07-27 11:35:09,levels,LONG,SPX,above_postmarket_low,,2026-07-27 11:30,,,,
2026-07-27 11:35:28,stock,LONG,AAPL,adx_di_cross + delta,83,2026-07-27 11:30,5c_25m,338.13,+0.12,fail
2026-07-27 11:40:49,stock,LONG,AAPL,adx_di_cross + cumdelta + near_level,80,2026-07-27 11:35,8c_40m,337.53,+0.03,fail
2026-07-27 11:45:17,levels,SHORT,SPX,below_postmarket_high,,2026-07-27 11:40,,,,
2026-07-27 11:45:17,levels,SHORT,SPX,below_postmarket_low,,2026-07-27 11:40,,,,
2026-07-27 11:46:03,stock,SHORT,LLY,adx_di_cross + momentum,82,2026-07-27 11:40,6c_30m,1197.45,-0.03,fail
2026-07-27 11:46:03,stock,SHORT,AMZN,scalp_bias + mechanical_trigger + momentum,82,2026-07-27 11:40,4c_20m,231.39,-0.12,fail
2026-07-27 11:51:18,stock,SHORT,TSLA,mechanical_trigger,78,2026-07-27 11:45,4c_18m,306.89,-0.28,fail
2026-07-27 11:55:17,intraday,SHORT,QQQ,adx_di_cross + delta,92,2026-07-27 11:50,4c_18m,677.25,-0.23,fail
2026-07-27 11:55:17,intraday,SHORT,SPY,scalp_bias + near_level + momentum,88,2026-07-27 11:50,6c_30m,735.87,-0.17,fail
2026-07-27 11:55:24,levels,SHORT,SPY,below_yesterday_low,,2026-07-27 11:50,,,,
2026-07-27 11:55:24,levels,SHORT,SPY,below_postmarket_low,,2026-07-27 11:50,,,,
2026-07-27 11:55:25,levels,SHORT,SPX,below_yesterday_low,,2026-07-27 11:50,,,,
2026-07-27 11:56:33,stock,SHORT,SPCX,mechanical_trigger + delta + cumdelta,83,2026-07-27 11:50,2c_10m,109.76,-0.64,success
2026-07-27 11:56:33,stock,SHORT,AMZN,scalp_bias + mechanical_trigger,80,2026-07-27 11:50,4c_20m,231.38,-0.17,fail
2026-07-27 12:05:29,intraday,SHORT,SPY,scalp_bias + momentum + adx_strong,86,2026-07-27 12:00,17c_85m,735.87,-0.04,fail
2026-07-27 12:07:10,stock,SHORT,LLY,adx_di_cross + momentum,82,2026-07-27 12:00,6c_30m,1196.08,-0.17,fail
2026-07-27 12:12:26,stock,SHORT,LLY,adx_di_cross + near_level,81,2026-07-27 12:05,8c_38m,1194.23,-0.38,fail
2026-07-27 12:15:39,intraday,SHORT,SPX,scalp_bias,91,2026-07-27 12:10,6c_30m,7382.74,-0.10,fail
2026-07-27 12:17:44,stock,SHORT,LLY,adx_di_cross + delta + momentum,100,2026-07-27 12:10,6c_28m,1194.79,-0.22,fail
2026-07-27 12:20:43,intraday,SHORT,SPX,scalp_bias + cumdelta,92,2026-07-27 12:15,2c_10m,7384.59,-0.01,fail
2026-07-27 12:23:05,stock,SHORT,MU,mechanical_trigger + momentum,80,2026-07-27 12:15,3c_15m,865.79,-0.07,fail
2026-07-27 12:25:51,intraday,SHORT,SPX,scalp_bias,91,2026-07-27 12:20,6c_30m,7385.35,-0.02,fail
2026-07-27 12:33:36,stock,SHORT,AMZN,scalp_bias + near_level + momentum,80,2026-07-27 12:25,6c_30m,231.49,-0.09,fail
2026-07-27 12:41:06,intraday,SHORT,SPX,scalp_bias + cumdelta,92,2026-07-27 12:40,2c_10m,7389.57,-0.03,fail
2026-07-27 12:44:15,stock,SHORT,LLY,scalp_bias + cumdelta + near_level,90,2026-07-27 12:35,8c_40m,1194.23,-0.01,fail
2026-07-27 12:51:18,intraday,SHORT,QQQ,mechanical_trigger + delta + near_level,96,2026-07-27 12:45,6c_28m,678.07,-0.01,fail
2026-07-27 12:54:45,stock,SHORT,LLY,scalp_bias + near_level,80,2026-07-27 12:45,6c_32m,1194.99,-0.10,fail
2026-07-27 12:55:11,levels,LONG,SPX,above_yesterday_low,,2026-07-27 12:50,,,,
2026-07-27 12:56:23,intraday,SHORT,QQQ,scalp_bias + adx_strong,93,2026-07-27 12:50,8c_40m,678.34,-0.16,fail
2026-07-27 13:00:00,stock,SHORT,LLY,scalp_bias,72,2026-07-27 12:50,6c_30m,1196.33,-0.05,fail
2026-07-27 13:00:14,levels,LONG,SPY,above_postmarket_low,,2026-07-27 12:55,,,,
2026-07-27 13:01:28,intraday,SHORT,QQQ,scalp_bias + cumdelta,92,2026-07-27 12:55,2c_10m,679.46,-0.06,fail
2026-07-27 13:05:18,levels,SHORT,SPY,below_postmarket_low,,2026-07-27 13:00,,,,
2026-07-27 13:15:26,levels,LONG,SPY,above_postmarket_low,,2026-07-27 13:10,,,,
2026-07-27 13:20:30,levels,SHORT,SPY,below_yesterday_low,,2026-07-27 13:15,,,,
2026-07-27 13:20:30,levels,SHORT,SPY,below_postmarket_low,,2026-07-27 13:15,,,,
2026-07-27 13:20:30,levels,SHORT,SPX,below_yesterday_low,,2026-07-27 13:15,,,,
2026-07-27 13:21:09,stock,SHORT,TSLA,adx_di_cross + delta + cumdelta,84,2026-07-27 13:15,5c_25m,305.44,-0.15,fail
2026-07-27 13:21:50,intraday,SHORT,SPY,adx_di_cross + delta,92,2026-07-27 13:15,4c_18m,736.86,-0.05,fail
2026-07-27 13:21:50,intraday,SHORT,QQQ,adx_di_cross + delta,92,2026-07-27 13:15,4c_18m,678.34,-0.08,fail
2026-07-27 13:21:50,intraday,SHORT,SPX,adx_di_cross + delta,92,2026-07-27 13:15,4c_18m,7392.82,-0.04,fail
2026-07-27 13:25:34,levels,LONG,SPY,above_yesterday_low,,2026-07-27 13:20,,,,
2026-07-27 13:25:34,levels,LONG,SPX,above_yesterday_low,,2026-07-27 13:20,,,,
2026-07-27 13:26:33,stock,SHORT,AMZN,scalp_bias + mechanical_trigger + momentum,82,2026-07-27 13:20,4c_20m,231.71,-0.02,fail
2026-07-27 13:26:33,stock,SHORT,TSLA,adx_di_cross + cumdelta,78,2026-07-27 13:20,4c_18m,305.44,-0.15,fail
2026-07-27 13:26:33,stock,LONG,LLY,adx_di_cross + delta + cumdelta,72,2026-07-27 13:20,4c_22m,1200.74,+0.02,fail
2026-07-27 13:26:56,intraday,SHORT,SPY,adx_di_cross,92,2026-07-27 13:20,3c_15m,736.70,-0.12,fail
2026-07-27 13:26:56,intraday,SHORT,QQQ,adx_di_cross,92,2026-07-27 13:20,3c_15m,678.06,-0.18,fail
2026-07-27 13:26:56,intraday,SHORT,SPX,adx_di_cross,92,2026-07-27 13:20,3c_15m,7391.03,-0.11,fail
2026-07-27 13:31:48,stock,LONG,LLY,adx_di_cross + cumdelta + momentum,67,2026-07-27 13:25,4c_20m,1200.00,+0.08,fail
2026-07-27 13:35:41,levels,SHORT,SPY,below_yesterday_low,,2026-07-27 13:30,,,,
2026-07-27 13:35:41,levels,SHORT,SPX,below_yesterday_low,,2026-07-27 13:30,,,,
2026-07-27 13:37:07,stock,SHORT,NVDA,mechanical_trigger + cumdelta,100,2026-07-27 13:30,2c_10m,196.09,-0.10,fail
2026-07-27 13:37:10,intraday,SHORT,SPY,adx_di_cross + delta,92,2026-07-27 13:30,4c_18m,736.62,-0.04,fail
2026-07-27 13:42:19,intraday,SHORT,QQQ,mechanical_trigger + delta + near_level,96,2026-07-27 13:35,6c_28m,677.85,-0.04,fail
2026-07-27 13:42:19,intraday,SHORT,SPX,mechanical_trigger + delta + near_level,96,2026-07-27 13:35,6c_28m,7390.28,-0.02,fail
2026-07-27 13:42:30,stock,SHORT,NVDA,scalp_bias + cumdelta + near_level,90,2026-07-27 13:35,8c_40m,196.09,-0.07,fail
2026-07-27 13:42:30,stock,SHORT,AMZN,scalp_bias + mechanical_trigger + momentum,82,2026-07-27 13:35,4c_20m,231.85,-0.01,fail
2026-07-27 13:45:49,levels,LONG,SPY,above_yesterday_low,,2026-07-27 13:40,,,,
2026-07-27 13:45:49,levels,LONG,SPX,above_yesterday_low,,2026-07-27 13:40,,,,
2026-07-27 13:47:24,intraday,SHORT,QQQ,mechanical_trigger + cumdelta + near_level,93,2026-07-27 13:40,14c_70m,679.05,-0.04,fail
2026-07-27 13:47:24,intraday,SHORT,SPY,adx_di_cross,92,2026-07-27 13:40,3c_15m,737.36,-0.01,fail
2026-07-27 13:47:24,intraday,SHORT,SPX,scalp_bias,91,2026-07-27 13:40,6c_30m,7397.53,-0.01,fail
2026-07-27 13:47:56,stock,SHORT,NVDA,scalp_bias,72,2026-07-27 13:40,6c_30m,196.55,-0.12,fail
2026-07-27 13:52:29,intraday,SHORT,QQQ,mechanical_trigger + delta + near_level,96,2026-07-27 13:45,6c_28m,679.09,-0.01,fail
2026-07-27 13:52:29,intraday,SHORT,SPX,mechanical_trigger + delta + near_level,96,2026-07-27 13:45,6c_28m,7397.53,-0.00,fail
2026-07-27 13:52:29,intraday,SHORT,SPY,scalp_bias + delta,82,2026-07-27 13:45,9c_45m,737.37,+0.00,fail
2026-07-27 13:53:11,stock,SHORT,NVDA,scalp_bias + cumdelta + near_level,90,2026-07-27 13:45,8c_40m,196.55,-0.06,fail
2026-07-27 13:55:56,levels,LONG,SPY,above_postmarket_low,,2026-07-27 13:50,,,,
2026-07-27 13:58:27,stock,LONG,LLY,adx_di_cross + delta + cumdelta,72,2026-07-27 13:50,4c_22m,1199.63,+0.03,fail
2026-07-27 14:01:00,levels,LONG,SPX,above_postmarket_high,,2026-07-27 13:55,,,,
2026-07-27 14:01:00,levels,LONG,SPX,above_postmarket_low,,2026-07-27 13:55,,,,
2026-07-27 14:03:43,stock,LONG,LLY,adx_di_cross + cumdelta + momentum,67,2026-07-27 13:55,4c_20m,1200.78,+0.18,fail
2026-07-27 14:05:03,levels,SHORT,SPX,below_postmarket_high,,2026-07-27 14:00,,,,
2026-07-27 14:05:03,levels,SHORT,SPX,below_postmarket_low,,2026-07-27 14:00,,,,
2026-07-27 14:08:06,levels,LONG,QQQ,above_yesterday_low,,2026-07-27 14:05,,,,
2026-07-27 14:09:05,stock,SHORT,META,adx_di_cross + delta + cumdelta,84,2026-07-27 14:00,5c_25m,595.41,-0.05,fail
2026-07-27 14:14:20,stock,SHORT,META,adx_di_cross + cumdelta,78,2026-07-27 14:05,4c_18m,595.41,-0.10,fail
2026-07-27 14:15:12,levels,SHORT,QQQ,below_yesterday_low,,2026-07-27 14:10,,,,
2026-07-27 14:17:58,intraday,SHORT,SPY,liquidity_sweep + delta,75,2026-07-27 14:10,5c_25m,738.93,-0.02,fail
2026-07-27 14:19:37,stock,SHORT,META,adx_di_cross + delta + cumdelta,84,2026-07-27 14:10,5c_25m,594.44,-0.24,fail
2026-07-27 14:20:15,levels,LONG,QQQ,above_yesterday_low,,2026-07-27 14:15,,,,
2026-07-27 14:24:57,stock,LONG,LLY,adx_di_cross + delta + cumdelta,72,2026-07-27 14:15,4c_22m,1200.54,+0.09,fail
2026-07-27 14:30:15,stock,LONG,LLY,adx_di_cross + cumdelta + momentum,67,2026-07-27 14:25,4c_20m,1200.54,+0.07,fail
2026-07-27 14:40:31,levels,SHORT,QQQ,below_yesterday_low,,2026-07-27 14:35,,,,
2026-07-27 14:40:47,stock,SHORT,META,adx_di_cross + delta + cumdelta,84,2026-07-27 14:35,5c_25m,593.15,-0.22,fail
2026-07-27 14:55:44,levels,SHORT,SPX,below_postmarket_high,,2026-07-27 14:50,,,,
2026-07-27 14:55:44,levels,SHORT,SPX,below_postmarket_low,,2026-07-27 14:50,,,,
2026-07-27 15:00:47,levels,LONG,SPX,above_postmarket_high,,2026-07-27 14:55,,,,
2026-07-27 15:00:47,levels,LONG,SPX,above_postmarket_low,,2026-07-27 14:55,,,,
2026-07-27 15:35:13,levels,LONG,QQQ,above_yesterday_low,,2026-07-27 15:30,,,,
2026-07-27 15:50:24,levels,SHORT,QQQ,below_yesterday_low,,2026-07-27 15:45,,,,
2026-07-27 16:05:35,levels,LONG,QQQ,above_yesterday_low,,2026-07-27 16:00,,,,
2026-07-27 17:05:19,levels,SHORT,QQQ,below_yesterday_low,,2026-07-27 17:00,,,,
2026-07-28 03:20:49,levels,LONG,QQQ,above_yesterday_low,,2026-07-28 03:15,,,,
2026-07-28 05:40:38,levels,SHORT,QQQ,below_yesterday_low,,2026-07-28 05:35,,,,
2026-07-28 05:55:49,levels,LONG,QQQ,above_yesterday_low,,2026-07-28 05:50,,,,
2026-07-28 06:05:56,levels,SHORT,QQQ,below_yesterday_low,,2026-07-28 06:00,,,,
2026-07-28 06:25:11,levels,SHORT,QQQ,below_yesterday_low,,2026-07-28 06:20,,,,
2026-07-28 07:00:37,levels,LONG,QQQ,above_yesterday_low,,2026-07-28 06:55,,,,
2026-07-28 08:35:51,levels,SHORT,QQQ,below_yesterday_low,,2026-07-28 08:30,,,,
2026-07-28 08:45:58,levels,SHORT,SPY,below_10min_low,,2026-07-28 08:40,,,,
2026-07-28 08:45:58,levels,SHORT,QQQ,below_10min_low,,2026-07-28 08:40,,,,
2026-07-28 08:45:59,levels,SHORT,SPX,below_10min_low,,2026-07-28 08:40,,,,
2026-07-28 08:48:01,levels,SHORT,QQQ,below_postmarket_low,,2026-07-28 08:45,,,,
2026-07-28 08:55:08,levels,SHORT,SPX,below_10min_low,,2026-07-28 08:50,,,,
2026-07-28 08:57:53,intraday,SHORT,SPY,mechanical_trigger + delta + near_level,96,2026-07-28 08:50,6c_28m,736.16,-0.12,fail
2026-07-28 08:57:53,intraday,SHORT,SPX,scalp_bias + adx_strong,93,2026-07-28 08:50,8c_40m,7384.66,-0.11,fail
2026-07-28 09:00:15,levels,SHORT,QQQ,below_postmarket_low,,2026-07-28 08:55,,,,
2026-07-28 09:00:57,stock,SHORT,META,mechanical_trigger + momentum,80,2026-07-28 08:55,3c_15m,591.49,-0.29,fail
2026-07-28 09:02:58,intraday,SHORT,SPX,mechanical_trigger + delta + near_level,96,2026-07-28 08:55,6c_28m,7385.63,-0.03,fail
2026-07-28 09:05:19,levels,LONG,QQQ,above_postmarket_low,,2026-07-28 09:00,,,,
2026-07-28 09:05:19,levels,LONG,SPX,above_10min_low,,2026-07-28 09:00,,,,
2026-07-28 09:06:14,stock,SHORT,META,scalp_bias + delta + cumdelta,86,2026-07-28 09:00,10c_50m,589.88,-0.52,success
2026-07-28 09:08:03,intraday,SHORT,SPX,mechanical_trigger + cumdelta + near_level,93,2026-07-28 09:00,14c_70m,7385.63,-0.14,fail
2026-07-28 09:08:03,intraday,SHORT,SPY,scalp_bias + near_level + momentum,88,2026-07-28 09:00,6c_30m,736.27,-0.13,fail
2026-07-28 09:10:26,levels,SHORT,QQQ,below_postmarket_low,,2026-07-28 09:05,,,,
2026-07-28 09:10:26,levels,SHORT,SPX,below_10min_low,,2026-07-28 09:05,,,,
2026-07-28 09:11:39,stock,SHORT,META,mechanical_trigger + momentum,80,2026-07-28 09:05,3c_15m,591.49,-0.41,success
2026-07-28 09:13:09,intraday,SHORT,SPX,scalp_bias + adx_strong,93,2026-07-28 09:05,8c_40m,7385.63,-0.12,fail
2026-07-28 09:16:56,stock,SHORT,NVDA,mechanical_trigger + cumdelta,100,2026-07-28 09:10,2c_10m,192.74,-0.60,success
2026-07-28 09:16:57,stock,SHORT,META,scalp_bias + delta + cumdelta,86,2026-07-28 09:10,10c_50m,587.01,-0.85,success
2026-07-28 09:18:13,intraday,SHORT,SPX,mechanical_trigger + delta + near_level,96,2026-07-28 09:10,6c_28m,7386.65,-0.03,fail
2026-07-28 09:22:20,stock,LONG,LLY,adx_di_cross + delta + cumdelta,72,2026-07-28 09:15,4c_22m,1229.81,+0.35,fail
2026-07-28 09:23:18,intraday,SHORT,SPX,mechanical_trigger + cumdelta + near_level,93,2026-07-28 09:15,14c_70m,7386.65,-0.03,fail
2026-07-28 09:27:35,stock,SHORT,NVDA,adx_di_cross + momentum,82,2026-07-28 09:20,6c_30m,193.26,-0.09,fail
2026-07-28 09:27:35,stock,LONG,SPCX,adx_di_cross + delta + momentum,71,2026-07-28 09:20,3c_15m,112.65,+1.92,success
2026-07-28 09:30:46,levels,LONG,QQQ,above_postmarket_low,,2026-07-28 09:25,,,,
2026-07-28 09:30:47,levels,LONG,SPX,above_10min_low,,2026-07-28 09:25,,,,
2026-07-28 09:32:50,stock,SHORT,AMZN,scalp_bias + near_level + momentum,80,2026-07-28 09:25,6c_30m,228.10,-0.64,success
2026-07-28 09:35:50,levels,SHORT,QQQ,below_postmarket_low,,2026-07-28 09:30,,,,
2026-07-28 09:35:51,levels,SHORT,SPX,below_10min_low,,2026-07-28 09:30,,,,
2026-07-28 09:38:14,stock,LONG,AAPL,adx_di_cross + near_level,78,2026-07-28 09:35,6c_28m,338.39,+0.28,fail
2026-07-28 09:40:54,levels,LONG,QQQ,above_postmarket_low,,2026-07-28 09:35,,,,
2026-07-28 09:40:55,levels,LONG,SPX,above_10min_low,,2026-07-28 09:35,,,,
2026-07-28 09:45:58,levels,LONG,SPY,above_10min_low,,2026-07-28 09:40,,,,
2026-07-28 09:48:48,stock,LONG,AAPL,adx_di_cross + delta,83,2026-07-28 09:40,5c_25m,338.88,+0.21,fail
2026-07-28 09:50:02,levels,LONG,QQQ,above_10min_low,,2026-07-28 09:45,,,,
2026-07-28 09:59:32,stock,LONG,TSLA,adx_di_cross + delta + adx_strong,73,2026-07-28 09:50,4c_20m,305.62,+0.20,fail
2026-07-28 09:59:32,stock,LONG,LLY,adx_di_cross + delta + cumdelta,72,2026-07-28 09:50,4c_22m,1232.00,+0.13,fail
2026-07-28 10:00:10,levels,SHORT,SPX,below_postmarket_high,,2026-07-28 09:55,,,,
2026-07-28 10:00:10,levels,SHORT,SPX,below_postmarket_low,,2026-07-28 09:55,,,,
2026-07-28 10:00:10,levels,SHORT,SPX,below_10min_high,,2026-07-28 09:55,,,,
2026-07-28 10:04:46,stock,LONG,LLY,adx_di_cross + cumdelta + adx_strong,79,2026-07-28 09:55,6c_32m,1231.68,+0.04,fail
2026-07-28 10:04:46,stock,LONG,TSLA,adx_di_cross + momentum + adx_strong,75,2026-07-28 09:55,4c_20m,305.52,+0.49,success
2026-07-28 10:05:14,levels,SHORT,QQQ,below_10min_low,,2026-07-28 10:00,,,,
2026-07-28 10:10:18,levels,LONG,QQQ,above_10min_low,,2026-07-28 10:05,,,,
2026-07-28 10:15:23,levels,LONG,SPX,above_postmarket_high,,2026-07-28 10:10,,,,
2026-07-28 10:15:23,levels,LONG,SPX,above_postmarket_low,,2026-07-28 10:10,,,,
2026-07-28 10:15:23,levels,LONG,SPX,above_10min_high,,2026-07-28 10:10,,,,
2026-07-28 10:15:23,stock,SHORT,LLY,adx_di_cross + delta,77,2026-07-28 10:10,4c_18m,1218.56,-0.21,fail
2026-07-28 10:20:26,levels,LONG,SPY,above_10min_high,,2026-07-28 10:15,,,,
2026-07-28 10:20:38,stock,SHORT,LLY,adx_di_cross,72,2026-07-28 10:15,3c_15m,1217.96,-0.44,success
2026-07-28 10:25:30,levels,LONG,SPY,above_postmarket_high,,2026-07-28 10:20,,,,
2026-07-28 10:25:30,levels,LONG,QQQ,above_yesterday_low,,2026-07-28 10:20,,,,
2026-07-28 10:25:55,stock,LONG,TSLA,adx_di_cross + momentum + adx_strong,75,2026-07-28 10:20,4c_20m,307.45,+0.46,success
2026-07-28 10:25:55,stock,LONG,NVDA,scalp_bias + delta,75,2026-07-28 10:20,3c_15m,197.85,+0.14,fail
2026-07-28 10:36:52,stock,LONG,NVDA,scalp_bias + delta,75,2026-07-28 10:30,3c_15m,198.61,+0.90,success
2026-07-28 10:40:44,levels,LONG,QQQ,above_10min_high,,2026-07-28 10:35,,,,
2026-07-28 10:47:44,stock,LONG,NVDA,mechanical_trigger + delta,67,2026-07-28 10:40,3c_15m,198.61,+0.44,success
2026-07-28 11:35:36,levels,SHORT,QQQ,below_10min_high,,2026-07-28 11:30,,,,
2026-07-28 11:40:41,levels,LONG,QQQ,above_10min_high,,2026-07-28 11:35,,,,
2026-07-28 11:47:16,intraday,LONG,QQQ,scalp_bias + delta,71,2026-07-28 11:40,6c_28m,679.40,+0.16,fail
2026-07-28 11:47:29,stock,LONG,NVDA,adx_di_cross + momentum,67,2026-07-28 11:40,12c_60m,198.24,+0.29,fail
2026-07-28 11:52:22,intraday,LONG,QQQ,scalp_bias + momentum,67,2026-07-28 11:45,3c_15m,679.40,+0.22,fail
2026-07-28 11:57:28,intraday,LONG,QQQ,scalp_bias + delta,71,2026-07-28 11:50,6c_28m,679.35,+0.03,fail
2026-07-28 12:34:45,levels,LONG,QQQ,above_10min_high,,2026-07-28 12:25,,,,
2026-07-28 12:41:52,levels,SHORT,QQQ,below_10min_high,,2026-07-28 12:35,,,,
2026-07-28 12:45:55,levels,SHORT,SPY,below_postmarket_high,,2026-07-28 12:40,,,,
2026-07-28 12:47:03,stock,SHORT,META,adx_di_cross + delta,76,2026-07-28 12:40,7c_35m,592.50,-0.20,fail
2026-07-28 12:51:00,levels,LONG,SPY,above_postmarket_high,,2026-07-28 12:45,,,,
2026-07-28 12:52:35,stock,SHORT,META,adx_di_cross,76,2026-07-28 12:45,8c_38m,592.50,-0.21,fail
2026-07-28 12:53:01,levels,SHORT,SPY,below_postmarket_high,,2026-07-28 12:50,,,,
2026-07-28 12:57:56,stock,SHORT,META,adx_di_cross + delta,76,2026-07-28 12:50,7c_35m,592.95,-0.01,fail
2026-07-28 13:00:08,levels,LONG,SPY,above_postmarket_high,,2026-07-28 12:55,,,,
2026-07-28 13:08:53,stock,LONG,AAPL,scalp_bias + near_level,74,2026-07-28 13:00,5c_25m,340.16,+0.15,fail
2026-07-28 13:10:17,levels,SHORT,SPY,below_postmarket_high,,2026-07-28 13:05,,,,
2026-07-28 13:15:21,levels,SHORT,QQQ,below_yesterday_low,,2026-07-28 13:10,,,,
2026-07-28 13:35:39,levels,LONG,QQQ,above_yesterday_low,,2026-07-28 13:30,,,,
2026-07-28 13:36:25,stock,SHORT,LLY,adx_di_cross + near_level,78,2026-07-28 13:30,9c_45m,1220.38,-0.00,fail
2026-07-28 13:40:43,levels,SHORT,QQQ,below_yesterday_low,,2026-07-28 13:35,,,,
2026-07-28 13:41:52,stock,SHORT,META,adx_di_cross + delta,76,2026-07-28 13:35,7c_35m,592.74,-0.01,fail
2026-07-28 13:47:18,stock,SHORT,META,adx_di_cross,76,2026-07-28 13:40,8c_38m,593.20,-0.09,fail
2026-07-28 13:50:48,intraday,LONG,QQQ,adx_di_cross,70,2026-07-28 13:45,7c_35m,678.01,+0.24,fail
2026-07-28 13:50:52,levels,LONG,SPY,above_postmarket_high,,2026-07-28 13:45,,,,
2026-07-28 13:50:52,levels,LONG,QQQ,above_yesterday_low,,2026-07-28 13:45,,,,
2026-07-28 14:03:42,stock,LONG,META,mechanical_trigger + delta + cumdelta,88,2026-07-28 13:55,2c_10m,595.39,+0.15,fail
2026-07-28 14:05:05,levels,LONG,QQQ,above_10min_high,,2026-07-28 14:00,,,,
2026-07-28 14:09:16,stock,SHORT,MSFT,mechanical_trigger + delta,100,2026-07-28 14:00,8c_42m,392.37,-0.98,success
2026-07-28 14:09:16,stock,LONG,NVDA,adx_di_cross + momentum,67,2026-07-28 14:00,12c_60m,198.15,+0.29,fail
2026-07-28 14:10:10,levels,SHORT,QQQ,below_10min_high,,2026-07-28 14:05,,,,
2026-07-28 14:16:37,intraday,LONG,QQQ,scalp_bias + delta,71,2026-07-28 14:10,6c_28m,678.06,+0.13,fail
2026-07-28 14:20:05,stock,LONG,LLY,scalp_bias + delta + cumdelta,75,2026-07-28 14:10,15c_75m,1230.00,+0.50,success
2026-07-28 14:25:23,levels,LONG,QQQ,above_10min_high,,2026-07-28 14:20,,,,
2026-07-28 14:36:29,stock,LONG,LLY,scalp_bias + delta + cumdelta,75,2026-07-28 14:30,15c_75m,1230.00,+0.35,fail
2026-07-28 14:40:36,levels,SHORT,QQQ,below_10min_high,,2026-07-28 14:35,,,,
2026-07-28 14:41:57,stock,SHORT,TSLA,adx_di_cross + scalp_bias + momentum,88,2026-07-28 14:35,7c_35m,305.04,-0.13,fail
2026-07-28 14:41:57,stock,SHORT,MSFT,mechanical_trigger + momentum,87,2026-07-28 14:35,8c_42m,392.50,-0.20,fail
2026-07-28 15:00:53,levels,SHORT,SPY,below_postmarket_high,,2026-07-28 14:55,,,,
2026-07-28 15:00:54,levels,SHORT,QQQ,below_yesterday_low,,2026-07-28 14:55,,,,
2026-07-28 15:20:11,levels,LONG,SPY,above_postmarket_high,,2026-07-28 15:15,,,,
2026-07-28 15:20:11,levels,LONG,QQQ,above_yesterday_low,,2026-07-28 15:15,,,,
2026-07-28 15:40:29,levels,SHORT,SPY,below_postmarket_high,,2026-07-28 15:35,,,,
2026-07-28 15:50:37,levels,LONG,SPY,above_postmarket_high,,2026-07-28 15:45,,,,
2026-07-28 16:10:54,levels,SHORT,SPY,below_postmarket_high,,2026-07-28 16:05,,,,
2026-07-28 16:40:17,levels,LONG,SPY,above_postmarket_high,,2026-07-28 16:35,,,,
2026-07-28 17:00:32,levels,SHORT,SPY,below_postmarket_high,,2026-07-28 16:55,,,,
2026-07-28 17:00:32,levels,LONG,QQQ,above_10min_high,,2026-07-28 16:55,,,,
2026-07-28 17:05:36,levels,LONG,SPY,above_postmarket_high,,2026-07-28 17:00,,,,
2026-07-28 17:15:45,levels,SHORT,SPY,below_postmarket_high,,2026-07-28 17:10,,,,
2026-07-28 17:15:45,levels,SHORT,QQQ,below_10min_high,,2026-07-28 17:10,,,,
2026-07-28 17:20:53,levels,SHORT,QQQ,below_yesterday_low,,2026-07-28 17:15,,,,
2026-07-28 17:30:06,levels,LONG,QQQ,above_yesterday_low,,2026-07-28 17:25,,,,
2026-07-28 17:35:12,levels,SHORT,QQQ,below_yesterday_low,,2026-07-28 17:30,,,,
2026-07-28 17:40:15,levels,SHORT,SPY,below_10min_high,,2026-07-28 17:35,,,,
2026-07-28 17:42:17,levels,LONG,SPY,above_10min_high,,2026-07-28 17:40,,,,
2026-07-28 18:00:31,levels,SHORT,SPY,below_10min_high,,2026-07-28 17:55,,,,
2026-07-28 18:00:32,levels,SHORT,QQQ,below_10min_low,,2026-07-28 17:55,,,,
2026-07-28 18:05:36,levels,LONG,SPY,above_10min_high,,2026-07-28 18:00,,,,
2026-07-28 18:10:40,levels,SHORT,SPY,below_10min_high,,2026-07-28 18:05,,,,
2026-07-28 18:15:43,levels,LONG,SPY,above_10min_high,,2026-07-28 18:10,,,,
2026-07-28 18:15:44,levels,LONG,QQQ,above_10min_low,,2026-07-28 18:10,,,,
2026-07-28 18:25:51,levels,LONG,SPY,above_postmarket_high,,2026-07-28 18:20,,,,
2026-07-28 18:45:06,levels,LONG,QQQ,above_yesterday_low,,2026-07-28 18:40,,,,
2026-07-28 18:45:06,levels,LONG,QQQ,above_10min_high,,2026-07-28 18:40,,,,
2026-07-29 04:50:16,levels,LONG,SPY,above_yesterday_high,,2026-07-29 04:45,,,,
2026-07-29 05:10:29,levels,SHORT,SPY,below_yesterday_high,,2026-07-29 05:05,,,,
2026-07-29 08:55:06,levels,SHORT,SPY,below_10min_low,,2026-07-29 08:50,,,,
2026-07-29 08:55:06,levels,SHORT,QQQ,below_10min_low,,2026-07-29 08:50,,,,
2026-07-29 08:55:07,levels,SHORT,SPX,below_10min_low,,2026-07-29 08:50,,,,
2026-07-29 08:57:20,stock,SHORT,SPCX,vidya_dmi,100,2026-07-29 08:50,1c_5m,112.11,-0.76,success
2026-07-29 08:57:20,stock,SHORT,TSLA,scalp_bias + delta + momentum,87,2026-07-29 08:50,13c_65m,301.95,-1.17,success
2026-07-29 08:57:20,stock,SHORT,META,adx_di_cross + delta + cumdelta,77,2026-07-29 08:50,7c_35m,586.39,-0.23,fail
2026-07-29 08:57:35,intraday,SHORT,QQQ,adx_di_cross + delta,90,2026-07-29 08:50,7c_35m,666.48,-0.77,success
2026-07-29 08:57:35,intraday,SHORT,SPY,mechanical_trigger + scalp_bias + adx_strong,73,2026-07-29 08:50,4c_20m,735.04,-0.38,success
2026-07-29 09:02:30,stock,SHORT,META,adx_di_cross,76,2026-07-29 08:55,8c_38m,586.39,-0.51,success
2026-07-29 09:07:42,stock,SHORT,TSLA,mechanical_trigger + scalp_bias + momentum,84,2026-07-29 09:00,9c_45m,301.95,-1.26,success
2026-07-29 09:07:42,stock,SHORT,AMZN,scalp_bias,82,2026-07-29 09:00,8c_40m,227.20,-0.92,success
2026-07-29 09:12:48,intraday,SHORT,SPY,scalp_bias + adx_strong,68,2026-07-29 09:05,10c_50m,733.79,-0.41,success
2026-07-29 09:12:55,stock,SHORT,TSLA,scalp_bias + delta + momentum,87,2026-07-29 09:05,13c_65m,301.73,-1.04,success
2026-07-29 09:15:21,levels,SHORT,SPY,below_yesterday_low,,2026-07-29 09:10,,,,
2026-07-29 09:15:22,levels,SHORT,SPX,below_yesterday_low,,2026-07-29 09:10,,,,
2026-07-29 09:22:54,intraday,SHORT,QQQ,scalp_bias + near_level,78,2026-07-29 09:15,13c_65m,665.77,-0.55,success
2026-07-29 09:23:15,stock,SHORT,TSLA,mechanical_trigger + scalp_bias + momentum,84,2026-07-29 09:15,9c_45m,301.95,-1.07,success
2026-07-29 09:30:33,levels,SHORT,QQQ,below_yesterday_low,,2026-07-29 09:25,,,,
2026-07-29 09:35:37,levels,LONG,QQQ,above_yesterday_low,,2026-07-29 09:30,,,,
2026-07-29 09:38:04,intraday,SHORT,SPY,mechanical_trigger + scalp_bias + adx_strong,73,2026-07-29 09:30,4c_20m,733.79,-0.21,fail
2026-07-29 09:40:41,levels,SHORT,QQQ,below_yesterday_low,,2026-07-29 09:35,,,,
2026-07-29 09:55:51,levels,LONG,QQQ,above_yesterday_low,,2026-07-29 09:50,,,,
2026-07-29 10:03:20,intraday,SHORT,SPY,scalp_bias + adx_strong,68,2026-07-29 09:55,10c_50m,733.72,-0.15,fail
2026-07-29 10:04:35,stock,SHORT,META,mechanical_trigger + cumdelta + momentum,74,2026-07-29 09:55,6c_28m,588.15,-0.13,fail
2026-07-29 10:25:12,levels,LONG,QQQ,above_yesterday_low,,2026-07-29 10:20,,,,
2026-07-29 10:30:16,levels,SHORT,QQQ,below_yesterday_low,,2026-07-29 10:25,,,,
2026-07-29 10:46:04,stock,SHORT,TSLA,scalp_bias + delta + momentum,87,2026-07-29 10:40,13c_65m,299.70,-0.93,success
2026-07-29 10:51:16,stock,SHORT,META,adx_di_cross + delta + cumdelta,77,2026-07-29 10:45,7c_35m,585.25,-0.62,success
2026-07-29 10:56:27,stock,LONG,LLY,scalp_bias + delta,71,2026-07-29 10:50,6c_28m,1229.19,+0.13,fail
2026-07-29 11:01:38,stock,SHORT,AMZN,adx_di_cross + momentum + adx_strong,81,2026-07-29 10:55,8c_40m,227.32,-0.25,fail
2026-07-29 11:12:21,stock,SHORT,LLY,adx_di_cross + near_level,78,2026-07-29 11:05,9c_45m,1215.50,-0.48,success
2026-07-29 11:44:42,intraday,SHORT,QQQ,adx_di_cross + adx_strong,83,2026-07-29 11:35,4c_20m,665.15,-0.15,fail
2026-07-29 11:49:49,intraday,SHORT,QQQ,adx_di_cross + delta,90,2026-07-29 11:40,7c_35m,665.24,-0.05,fail
2026-07-29 12:00:41,levels,LONG,QQQ,above_yesterday_low,,2026-07-29 11:55,,,,
2026-07-29 12:02:36,stock,LONG,AAPL,scalp_bias + near_level,74,2026-07-29 11:55,5c_25m,343.45,+0.63,success
2026-07-29 12:08:56,stock,LONG,AAPL,scalp_bias + momentum,72,2026-07-29 12:00,3c_15m,342.89,+0.27,fail
2026-07-29 12:15:07,levels,LONG,SPY,above_yesterday_low,,2026-07-29 12:10,,,,
2026-07-29 12:15:08,levels,LONG,SPX,above_yesterday_low,,2026-07-29 12:10,,,,
2026-07-29 12:20:34,stock,LONG,NVDA,adx_di_cross + momentum,67,2026-07-29 12:10,12c_60m,194.06,+0.58,success
2026-07-29 12:30:26,levels,SHORT,SPY,below_yesterday_low,,2026-07-29 12:25,,,,
2026-07-29 12:30:27,levels,SHORT,SPX,below_yesterday_low,,2026-07-29 12:25,,,,
2026-07-29 12:32:11,stock,SHORT,LLY,adx_di_cross + delta + cumdelta,77,2026-07-29 12:25,7c_35m,1213.94,-0.47,success
2026-07-29 12:37:35,intraday,LONG,QQQ,scalp_bias + cumdelta + momentum,75,2026-07-29 12:30,4c_20m,670.93,+0.18,fail
2026-07-29 12:37:59,stock,SHORT,NVDA,adx_di_cross,76,2026-07-29 12:30,8c_38m,191.71,-0.27,fail
2026-07-29 12:43:33,stock,SHORT,NVDA,adx_di_cross + delta,76,2026-07-29 12:35,7c_35m,191.71,-0.22,fail
2026-07-29 12:54:42,stock,SHORT,NVDA,adx_di_cross,76,2026-07-29 12:45,8c_38m,191.92,-0.11,fail
2026-07-29 12:55:54,levels,LONG,SPY,above_yesterday_low,,2026-07-29 12:50,,,,
2026-07-29 12:55:54,levels,LONG,SPX,above_yesterday_low,,2026-07-29 12:50,,,,
2026-07-29 13:00:17,stock,SHORT,NVDA,adx_di_cross + near_level,78,2026-07-29 12:50,9c_45m,191.92,-0.16,fail
2026-07-29 13:02:00,levels,LONG,SPY,above_10min_low,,2026-07-29 13:00,,,,
2026-07-29 13:02:01,levels,LONG,SPX,above_10min_low,,2026-07-29 13:00,,,,
2026-07-29 13:05:50,stock,LONG,NVDA,adx_di_cross + momentum,67,2026-07-29 13:00,12c_60m,196.33,+1.76,success
2026-07-29 13:10:12,levels,LONG,QQQ,above_10min_low,,2026-07-29 13:05,,,,
2026-07-29 13:15:17,levels,SHORT,QQQ,below_10min_low,,2026-07-29 13:10,,,,
2026-07-29 13:22:10,stock,LONG,MSFT,scalp_bias + near_level + adx_strong,75,2026-07-29 13:15,9c_45m,401.25,+0.80,success
2026-07-29 13:37:52,stock,SHORT,TSLA,adx_di_cross + scalp_bias + momentum,88,2026-07-29 13:30,7c_35m,301.78,-0.13,fail
2026-07-29 13:40:37,levels,LONG,SPY,above_10min_low,,2026-07-29 13:35,,,,
2026-07-29 13:40:38,levels,LONG,QQQ,above_10min_low,,2026-07-29 13:35,,,,
2026-07-29 13:40:38,levels,LONG,SPX,above_10min_low,,2026-07-29 13:35,,,,
2026-07-29 13:45:41,levels,LONG,SPY,above_10min_high,,2026-07-29 13:40,,,,
2026-07-29 13:45:42,levels,LONG,SPX,above_postmarket_high,,2026-07-29 13:40,,,,
2026-07-29 13:45:42,levels,LONG,SPX,above_postmarket_low,,2026-07-29 13:40,,,,
2026-07-29 13:45:42,levels,LONG,SPX,above_10min_high,,2026-07-29 13:40,,,,
2026-07-29 13:50:46,levels,LONG,QQQ,above_10min_high,,2026-07-29 13:45,,,,
2026-07-29 13:55:50,levels,LONG,QQQ,above_yesterday_high,,2026-07-29 13:50,,,,
2026-07-29 14:00:54,levels,SHORT,QQQ,below_yesterday_high,,2026-07-29 13:55,,,,
2026-07-29 14:05:58,levels,SHORT,QQQ,below_10min_high,,2026-07-29 14:00,,,,
2026-07-29 14:10:01,levels,SHORT,SPY,below_10min_high,,2026-07-29 14:05,,,,
2026-07-29 14:10:01,levels,SHORT,SPY,below_10min_low,,2026-07-29 14:05,,,,
2026-07-29 14:10:01,levels,SHORT,SPX,below_postmarket_high,,2026-07-29 14:05,,,,
2026-07-29 14:10:01,levels,SHORT,SPX,below_postmarket_low,,2026-07-29 14:05,,,,
2026-07-29 14:10:01,levels,SHORT,SPX,below_10min_high,,2026-07-29 14:05,,,,
2026-07-29 14:10:01,levels,SHORT,SPX,below_10min_low,,2026-07-29 14:05,,,,
2026-07-29 14:14:39,stock,SHORT,LLY,adx_di_cross + delta + cumdelta,77,2026-07-29 14:05,7c_35m,1204.80,-0.98,success
2026-07-29 14:15:05,levels,LONG,SPY,above_10min_low,,2026-07-29 14:10,,,,
2026-07-29 14:15:05,levels,LONG,SPX,above_10min_low,,2026-07-29 14:10,,,,
2026-07-29 14:20:08,levels,SHORT,SPY,below_10min_low,,2026-07-29 14:15,,,,
2026-07-29 14:20:09,levels,SHORT,QQQ,below_10min_low,,2026-07-29 14:15,,,,
2026-07-29 14:20:09,levels,SHORT,SPX,below_10min_low,,2026-07-29 14:15,,,,
2026-07-29 14:25:13,levels,SHORT,SPY,below_yesterday_low,,2026-07-29 14:20,,,,
2026-07-29 14:25:13,levels,SHORT,SPX,below_yesterday_low,,2026-07-29 14:20,,,,
2026-07-29 14:25:16,stock,SHORT,TSLA,scalp_bias + delta + momentum,87,2026-07-29 14:20,13c_65m,293.43,-2.94,success
2026-07-29 14:25:16,stock,SHORT,META,mechanical_trigger + cumdelta + momentum,74,2026-07-29 14:20,6c_28m,584.26,-0.98,success
2026-07-29 14:29:53,intraday,SHORT,SPY,mechanical_trigger + scalp_bias + adx_strong,73,2026-07-29 14:20,4c_20m,730.90,-0.61,success
2026-07-29 14:30:31,stock,SHORT,SPCX,vidya_dmi,100,2026-07-29 14:25,1c_5m,111.90,-0.76,success
2026-07-29 14:35:43,stock,SHORT,NVDA,adx_di_cross + near_level,78,2026-07-29 14:30,9c_45m,189.00,-1.69,success
2026-07-29 14:40:02,intraday,SHORT,QQQ,mechanical_trigger,86,2026-07-29 14:30,4c_22m,663.08,-0.78,success
2026-07-29 14:40:23,levels,SHORT,QQQ,below_yesterday_low,,2026-07-29 14:35,,,,
2026-07-29 14:40:55,stock,SHORT,AMZN,scalp_bias,82,2026-07-29 14:35,8c_40m,225.33,-1.28,success
2026-07-30 08:40:29,levels,LONG,QQQ,above_postmarket_high,,2026-07-30 08:35,,,,
2026-07-30 08:45:32,levels,LONG,SPY,above_10min_high,,2026-07-30 08:40,,,,
2026-07-30 08:45:33,levels,LONG,QQQ,above_10min_high,,2026-07-30 08:40,,,,
2026-07-30 08:50:37,levels,LONG,SPX,above_10min_high,,2026-07-30 08:45,,,,
2026-07-30 08:55:40,levels,LONG,QQQ,above_yesterday_high,,2026-07-30 08:50,,,,
2026-07-30 08:56:32,stock,SHORT,META,liquidity_sweep + delta + adx_strong,77,2026-07-30 08:50,5c_25m,527.50,-0.74,success
2026-07-30 09:10:55,levels,SHORT,QQQ,below_yesterday_high,,2026-07-30 09:05,,,,
2026-07-30 09:12:20,stock,LONG,META,mechanical_trigger + delta + cumdelta,88,2026-07-30 09:05,2c_10m,534.85,+0.50,success
2026-07-30 09:15:59,levels,LONG,QQQ,above_yesterday_high,,2026-07-30 09:10,,,,
2026-07-30 09:38:38,stock,SHORT,META,adx_di_cross + delta,76,2026-07-30 09:30,7c_35m,529.67,-0.12,fail
2026-07-30 09:43:49,stock,SHORT,SPCX,adx_di_cross + delta + adx_strong,76,2026-07-30 09:35,6c_30m,114.56,-1.03,success
2026-07-30 09:55:34,levels,SHORT,SPY,below_10min_high,,2026-07-30 09:50,,,,
2026-07-30 09:55:37,levels,SHORT,QQQ,below_yesterday_high,,2026-07-30 09:50,,,,
2026-07-30 09:55:37,levels,SHORT,SPX,below_10min_high,,2026-07-30 09:50,,,,
2026-07-30 09:59:26,stock,LONG,META,mechanical_trigger + delta + cumdelta,88,2026-07-30 09:50,2c_10m,537.40,+0.79,success
2026-07-30 09:59:26,stock,SHORT,TSLA,adx_di_cross + near_level,78,2026-07-30 09:50,9c_45m,303.51,-0.69,success
2026-07-30 10:01:06,intraday,SHORT,SPY,adx_di_cross + near_level,100,2026-07-30 09:55,9c_45m,734.59,-0.22,fail
2026-07-30 10:04:38,stock,SHORT,TSLA,adx_di_cross + momentum + adx_strong,81,2026-07-30 09:55,8c_40m,303.51,-0.42,success
2026-07-30 10:05:44,levels,LONG,QQQ,above_yesterday_high,,2026-07-30 10:00,,,,
2026-07-30 10:10:50,levels,LONG,SPY,above_10min_high,,2026-07-30 10:05,,,,
2026-07-30 10:10:51,levels,LONG,SPX,above_10min_high,,2026-07-30 10:05,,,,
2026-07-30 10:11:12,intraday,SHORT,SPY,adx_di_cross + adx_strong,83,2026-07-30 10:05,4c_20m,734.59,-0.29,success
2026-07-30 10:15:03,stock,SHORT,TSLA,scalp_bias + delta + momentum,87,2026-07-30 10:10,13c_65m,304.15,-0.19,fail
2026-07-30 10:15:54,levels,SHORT,SPY,below_10min_high,,2026-07-30 10:10,,,,
2026-07-30 10:15:54,levels,SHORT,SPY,below_10min_low,,2026-07-30 10:10,,,,
2026-07-30 10:15:54,levels,SHORT,QQQ,below_yesterday_high,,2026-07-30 10:10,,,,
2026-07-30 10:15:54,levels,SHORT,SPX,below_10min_high,,2026-07-30 10:10,,,,
2026-07-30 10:15:54,levels,SHORT,SPX,below_10min_low,,2026-07-30 10:10,,,,
2026-07-30 10:16:16,intraday,SHORT,SPY,adx_di_cross + near_level,100,2026-07-30 10:10,9c_45m,734.59,-0.04,fail
2026-07-30 10:20:00,levels,LONG,SPX,above_10min_low,,2026-07-30 10:15,,,,
2026-07-30 10:20:31,stock,SHORT,AAPL,scalp_bias + cumdelta + adx_strong,69,2026-07-30 10:15,17c_85m,330.63,-0.30,fail
2026-07-30 10:21:00,levels,LONG,SPY,above_10min_low,,2026-07-30 10:15,,,,
2026-07-30 10:21:25,intraday,SHORT,SPY,adx_di_cross + adx_strong,83,2026-07-30 10:15,4c_20m,734.63,-0.11,fail
2026-07-30 10:26:28,intraday,SHORT,SPY,adx_di_cross + delta,90,2026-07-30 10:20,7c_35m,734.63,-0.11,fail
2026-07-30 10:30:08,levels,SHORT,SPY,below_10min_low,,2026-07-30 10:25,,,,
2026-07-30 10:30:09,levels,SHORT,SPX,below_10min_low,,2026-07-30 10:25,,,,
2026-07-30 10:31:32,intraday,SHORT,SPY,adx_di_cross + near_level,100,2026-07-30 10:25,9c_45m,734.68,-0.02,fail
2026-07-30 10:31:32,intraday,SHORT,QQQ,adx_di_cross + delta,90,2026-07-30 10:25,7c_35m,677.90,-0.04,fail
2026-07-30 10:35:12,levels,LONG,SPY,above_10min_low,,2026-07-30 10:30,,,,
2026-07-30 10:35:13,levels,LONG,SPX,above_10min_low,,2026-07-30 10:30,,,,
2026-07-30 10:41:24,stock,SHORT,TSLA,mechanical_trigger + near_level,78,2026-07-30 10:35,9c_45m,304.90,-0.23,fail
2026-07-30 10:41:24,stock,SHORT,META,adx_di_cross + delta,76,2026-07-30 10:35,7c_35m,531.65,-0.20,fail
2026-07-30 10:45:21,levels,LONG,SPY,above_10min_high,,2026-07-30 10:40,,,,
2026-07-30 10:45:21,levels,LONG,SPX,above_10min_high,,2026-07-30 10:40,,,,
2026-07-30 10:50:29,levels,LONG,QQQ,above_yesterday_high,,2026-07-30 10:45,,,,
2026-07-30 10:52:20,intraday,LONG,QQQ,adx_di_cross + cumdelta + adx_strong,75,2026-07-30 10:45,3c_15m,681.68,+0.16,fail
2026-07-30 10:57:55,stock,LONG,META,mechanical_trigger + delta + cumdelta,88,2026-07-30 10:50,2c_10m,534.74,+0.02,fail
2026-07-30 11:00:38,levels,SHORT,QQQ,below_yesterday_high,,2026-07-30 10:55,,,,
2026-07-30 11:05:45,levels,LONG,QQQ,above_yesterday_high,,2026-07-30 11:00,,,,
2026-07-30 11:12:39,intraday,LONG,SPY,adx_di_cross + near_level + adx_strong,75,2026-07-30 11:05,4c_20m,739.22,+0.14,fail
2026-07-30 11:35:39,stock,SHORT,SPCX,vidya_dmi,100,2026-07-30 11:25,1c_5m,112.82,-0.69,success
2026-07-30 11:35:39,stock,LONG,LLY,adx_di_cross + adx_strong,80,2026-07-30 11:30,2c_10m,1166.24,+0.02,fail
2026-07-30 11:35:39,stock,SHORT,META,adx_di_cross + delta,76,2026-07-30 11:30,7c_35m,529.77,-0.28,fail
2026-07-30 11:40:56,stock,LONG,AAPL,scalp_bias + near_level,74,2026-07-30 11:35,5c_25m,332.37,+0.11,fail
2026-07-30 11:45:28,levels,SHORT,QQQ,below_yesterday_high,,2026-07-30 11:40,,,,
2026-07-30 11:46:14,stock,LONG,LLY,adx_di_cross + adx_strong,80,2026-07-30 11:40,2c_10m,1167.58,+0.17,fail
2026-07-30 11:46:15,stock,SHORT,TSLA,adx_di_cross + delta,76,2026-07-30 11:40,7c_35m,304.63,-0.08,fail
2026-07-30 11:50:36,levels,LONG,QQQ,above_yesterday_high,,2026-07-30 11:45,,,,
2026-07-30 11:51:28,stock,SHORT,TSLA,adx_di_cross + near_level + momentum,86,2026-07-30 11:45,12c_60m,304.63,-0.13,fail
2026-07-30 12:04:08,stock,SHORT,LLY,adx_di_cross + delta + cumdelta,77,2026-07-30 11:55,7c_35m,1159.27,-0.21,fail
2026-07-30 12:09:18,intraday,LONG,QQQ,adx_di_cross,70,2026-07-30 12:00,7c_35m,682.89,+0.14,fail
2026-07-30 12:09:39,stock,SHORT,LLY,adx_di_cross + cumdelta,76,2026-07-30 12:00,12c_58m,1159.27,-0.33,fail
2026-07-30 12:15:04,stock,SHORT,LLY,adx_di_cross + delta + cumdelta,77,2026-07-30 12:05,7c_35m,1159.27,-0.23,fail
2026-07-30 12:15:04,stock,SHORT,TSLA,adx_di_cross + delta,76,2026-07-30 12:10,7c_35m,305.73,-0.00,fail
2026-07-30 12:20:35,stock,LONG,AAPL,scalp_bias + near_level,74,2026-07-30 12:15,5c_25m,332.78,+0.07,fail
2026-07-30 12:29:41,intraday,LONG,QQQ,scalp_bias + cumdelta + momentum,75,2026-07-30 12:20,4c_20m,682.68,+0.03,fail
2026-07-30 12:31:41,stock,SHORT,NVDA,adx_di_cross + delta,76,2026-07-30 12:25,7c_35m,193.06,-0.29,fail
2026-07-30 12:31:41,stock,LONG,AAPL,scalp_bias,71,2026-07-30 12:25,4c_20m,332.78,+0.21,fail
2026-07-30 12:36:55,stock,SHORT,NVDA,adx_di_cross + near_level,78,2026-07-30 12:30,9c_45m,193.06,-0.21,fail
2026-07-30 12:50:02,intraday,LONG,QQQ,adx_di_cross,70,2026-07-30 12:40,7c_35m,682.92,+0.07,fail
2026-07-30 12:55:08,intraday,LONG,QQQ,scalp_bias + cumdelta + momentum,75,2026-07-30 12:50,4c_20m,682.85,+0.10,fail
2026-07-30 12:58:26,stock,SHORT,SPCX,adx_di_cross + momentum + adx_strong,81,2026-07-30 12:50,8c_40m,111.91,-0.55,success
2026-07-30 12:58:26,stock,LONG,AAPL,scalp_bias + near_level,74,2026-07-30 12:50,5c_25m,333.98,+0.32,fail
2026-07-30 13:05:30,intraday,LONG,QQQ,adx_di_cross,70,2026-07-30 13:00,7c_35m,682.85,+0.13,fail
2026-07-30 13:10:36,intraday,LONG,QQQ,scalp_bias + cumdelta + momentum,75,2026-07-30 13:05,4c_20m,682.85,+0.05,fail
2026-07-30 13:15:43,intraday,LONG,QQQ,adx_di_cross,70,2026-07-30 13:10,7c_35m,682.82,+0.01,fail
2026-07-30 13:20:14,stock,SHORT,LLY,adx_di_cross + near_level,78,2026-07-30 13:15,9c_45m,1161.01,-0.15,fail
2026-07-30 13:20:14,stock,SHORT,NVDA,adx_di_cross + delta,76,2026-07-30 13:15,7c_35m,193.14,-0.07,fail
2026-07-30 13:25:27,stock,SHORT,NVDA,adx_di_cross,76,2026-07-30 13:20,8c_38m,193.14,-0.19,fail
2026-07-30 13:30:57,intraday,LONG,QQQ,scalp_bias + cumdelta + momentum,75,2026-07-30 13:25,4c_20m,682.73,+0.06,fail
2026-07-30 13:35:56,stock,SHORT,NVDA,mechanical_trigger + delta + momentum,92,2026-07-30 13:30,8c_40m,193.14,-0.14,fail
2026-07-30 13:50:24,levels,LONG,SPY,above_postmarket_high,,2026-07-30 13:45,,,,
2026-07-30 13:51:44,stock,SHORT,LLY,adx_di_cross + near_level,78,2026-07-30 13:45,9c_45m,1154.44,-0.71,success
2026-07-30 13:57:03,stock,SHORT,LLY,adx_di_cross + delta + cumdelta,77,2026-07-30 13:50,7c_35m,1158.13,-0.30,fail
2026-07-30 14:02:17,stock,SHORT,NVDA,adx_di_cross + delta,76,2026-07-30 13:55,7c_35m,193.42,-0.05,fail
2026-07-30 14:07:33,stock,SHORT,NVDA,adx_di_cross + near_level,78,2026-07-30 14:00,9c_45m,193.62,-0.02,fail
2026-07-30 14:07:33,stock,LONG,MU,adx_di_cross + delta + adx_strong,78,2026-07-30 14:00,2c_10m,880.16,+1.21,success
2026-07-30 14:18:05,stock,LONG,META,mechanical_trigger + delta + cumdelta,88,2026-07-30 14:10,2c_10m,535.96,+0.06,fail
2026-07-30 14:33:49,stock,SHORT,LLY,adx_di_cross + delta + cumdelta,77,2026-07-30 14:25,7c_35m,1153.59,-0.41,success
2026-07-30 14:33:49,stock,LONG,MSFT,scalp_bias + near_level + adx_strong,75,2026-07-30 14:25,9c_45m,457.04,+0.06,fail
2026-07-30 14:39:11,stock,SHORT,LLY,adx_di_cross + cumdelta,76,2026-07-30 14:35,12c_58m,1154.00,-0.39,fail
2026-07-30 14:44:33,stock,LONG,AAPL,scalp_bias + near_level,74,2026-07-30 14:35,5c_25m,334.81,+0.40,success
2026-07-30 15:05:34,levels,LONG,SPY,above_yesterday_high,,2026-07-30 15:00,,,,
2026-07-30 15:44:03,levels,SHORT,SPY,below_yesterday_high,,2026-07-30 15:40,,,,
2026-07-31 08:55:14,stock,SHORT,SPCX,adx_di_cross + momentum + adx_strong,81,2026-07-31 08:50,8c_40m,107.83,-1.71,success
2026-07-31 09:05:53,stock,SHORT,NVDA,adx_di_cross + delta,76,2026-07-31 09:00,7c_35m,194.95,-0.63,success
2026-07-31 09:37:18,stock,SHORT,META,adx_di_cross + delta + cumdelta,77,2026-07-31 09:30,7c_35m,544.00,-0.21,fail
2026-07-31 09:42:31,stock,SHORT,META,adx_di_cross,76,2026-07-31 09:35,8c_38m,545.50,-0.06,fail
2026-07-31 09:47:42,stock,SHORT,AAPL,scalp_bias + cumdelta + adx_strong,69,2026-07-31 09:40,17c_85m,300.40,-0.67,success
2026-07-31 10:18:51,stock,LONG,LLY,adx_di_cross + adx_strong,80,2026-07-31 10:10,2c_10m,1141.94,+0.06,fail
2026-07-31 10:18:51,stock,SHORT,NVDA,adx_di_cross + delta,76,2026-07-31 10:10,7c_35m,195.24,-0.99,success
2026-07-31 10:29:16,stock,SHORT,SPCX,adx_di_cross + momentum + adx_strong,81,2026-07-31 10:20,8c_40m,108.18,-0.99,success
2026-07-31 10:34:28,stock,SHORT,TSLA,adx_di_cross + momentum + adx_strong,81,2026-07-31 10:25,8c_40m,305.42,-0.11,fail
2026-07-31 10:34:28,stock,SHORT,AMZN,adx_di_cross + delta,76,2026-07-31 10:25,7c_35m,266.32,-0.40,success
2026-07-31 10:39:39,stock,SHORT,AMZN,adx_di_cross + momentum + adx_strong,81,2026-07-31 10:30,8c_40m,266.32,-0.25,fail
2026-07-31 10:55:25,stock,LONG,LLY,scalp_bias + delta,71,2026-07-31 10:50,6c_28m,1145.00,+0.19,fail
2026-07-31 11:01:42,intraday,LONG,SPY,adx_di_cross + near_level + momentum,75,2026-07-31 10:55,4c_20m,743.66,+0.08,fail
2026-07-31 11:21:38,stock,SHORT,NVDA,adx_di_cross + delta,76,2026-07-31 11:15,7c_35m,196.55,+0.00,fail
2026-07-31 11:26:50,stock,SHORT,AAPL,scalp_bias + cumdelta + adx_strong,69,2026-07-31 11:20,17c_85m,300.00,-0.48,success
2026-07-31 11:26:50,stock,LONG,NVDA,adx_di_cross + momentum,67,2026-07-31 11:20,12c_60m,199.17,+0.86,success
2026-07-31 11:32:04,intraday,LONG,QQQ,adx_di_cross,70,2026-07-31 11:30,7c_35m,688.06,+0.12,fail
2026-07-31 11:47:37,stock,SHORT,SPCX,adx_di_cross + delta + momentum,74,2026-07-31 11:40,7c_35m,108.61,-0.10,fail
2026-07-31 11:52:19,intraday,LONG,QQQ,scalp_bias + delta,71,2026-07-31 11:45,6c_28m,688.14,+0.22,fail
2026-07-31 12:13:39,stock,SHORT,META,adx_di_cross + delta + cumdelta,77,2026-07-31 12:05,7c_35m,546.40,-0.25,fail
2026-07-31 12:24:02,stock,SHORT,META,adx_di_cross,76,2026-07-31 12:15,8c_38m,547.10,-0.01,fail
2026-07-31 13:00:47,stock,LONG,LLY,scalp_bias + delta,71,2026-07-31 12:55,6c_28m,1146.03,+0.18,fail
2026-07-31 13:16:42,stock,SHORT,SPCX,adx_di_cross + delta + momentum,74,2026-07-31 13:10,7c_35m,107.87,-0.38,fail
2026-07-31 13:27:19,stock,SHORT,SPCX,adx_di_cross + momentum,74,2026-07-31 13:20,6c_30m,107.87,-0.42,success
2026-07-31 13:27:19,stock,LONG,AAPL,scalp_bias + near_level,74,2026-07-31 13:20,5c_25m,302.53,+0.07,fail
2026-07-31 13:27:19,stock,LONG,LLY,scalp_bias + delta,71,2026-07-31 13:20,6c_28m,1146.82,+0.21,fail
2026-07-31 13:53:56,intraday,LONG,SPY,adx_di_cross + near_level + adx_strong,75,2026-07-31 13:45,4c_20m,746.57,+0.03,fail
2026-07-31 13:53:58,stock,LONG,AAPL,scalp_bias + near_level,74,2026-07-31 13:45,5c_25m,304.87,+0.85,success
2026-07-31 13:53:58,stock,LONG,NVDA,adx_di_cross + momentum,67,2026-07-31 13:45,12c_60m,201.62,+1.29,success
2026-07-31 13:59:18,stock,LONG,AAPL,scalp_bias + momentum,72,2026-07-31 13:50,3c_15m,304.53,+0.54,success
2026-07-31 14:04:36,stock,LONG,AAPL,scalp_bias + near_level,74,2026-07-31 13:55,5c_25m,305.71,+0.95,success
2026-07-31 14:09:52,stock,LONG,AAPL,scalp_bias + adx_strong,80,2026-07-31 14:00,8c_40m,306.62,+0.94,success
2026-07-31 14:19:22,intraday,LONG,QQQ,scalp_bias + delta,71,2026-07-31 14:10,6c_28m,690.25,+0.23,fail
2026-07-31 14:20:27,stock,LONG,NVDA,adx_di_cross + momentum,67,2026-07-31 14:15,12c_60m,201.97,+0.73,success
2026-07-31 14:24:26,intraday,LONG,QQQ,adx_di_cross,70,2026-07-31 14:15,7c_35m,690.88,+0.14,fail
2026-07-31 14:34:36,intraday,LONG,QQQ,scalp_bias + delta,71,2026-07-31 14:25,6c_28m,690.88,+0.17,fail
2026-07-31 14:39:41,intraday,LONG,QQQ,scalp_bias + momentum,67,2026-07-31 14:30,3c_15m,690.50,+0.17,fail
2026-08-03 08:55:43,levels,LONG,SPY,above_10min_high,,2026-08-03 08:50,,,,
2026-08-03 08:55:44,levels,LONG,SPX,above_10min_high,,2026-08-03 08:50,,,,
2026-08-03 08:58:34,intraday,LONG,QQQ,scalp_bias + cumdelta + momentum,75,2026-08-03 08:50,4c_20m,693.40,+0.36,success
2026-08-03 08:59:51,stock,LONG,AAPL,liquidity_sweep + delta,88,2026-08-03 08:50,5c_25m,308.29,-0.00,fail
2026-08-03 08:59:51,stock,SHORT,LLY,adx_di_cross + delta + cumdelta,77,2026-08-03 08:50,7c_35m,1109.15,-0.48,success
2026-08-03 08:59:51,stock,LONG,NVDA,adx_di_cross + momentum,67,2026-08-03 08:50,12c_60m,206.57,+3.17,success
2026-08-03 09:00:52,levels,LONG,QQQ,above_10min_high,,2026-08-03 08:55,,,,
2026-08-03 09:05:26,stock,LONG,SPCX,mechanical_trigger,90,2026-08-03 08:55,2c_10m,110.20,+0.59,success
2026-08-03 09:40:32,levels,LONG,QQQ,above_postmarket_high,,2026-08-03 09:35,,,,
2026-08-03 09:50:41,levels,LONG,QQQ,above_yesterday_high,,2026-08-03 09:45,,,,
2026-08-03 09:57:55,stock,SHORT,AAPL,scalp_bias + cumdelta + adx_strong,69,2026-08-03 09:50,17c_85m,302.56,-0.93,success
2026-08-03 10:50:03,stock,LONG,MSFT,scalp_bias + near_level + adx_strong,75,2026-08-03 10:40,9c_45m,487.91,+0.14,fail
2026-08-03 11:21:25,stock,SHORT,AMZN,scalp_bias,82,2026-08-03 11:15,8c_40m,284.04,-0.16,fail
2026-08-03 11:26:40,stock,LONG,MSFT,scalp_bias + near_level + adx_strong,75,2026-08-03 11:20,9c_45m,489.51,+0.42,success
2026-08-03 11:47:37,stock,LONG,MSFT,scalp_bias + near_level + adx_strong,75,2026-08-03 11:40,9c_45m,489.96,+0.16,fail
2026-08-03 12:14:08,stock,LONG,NVDA,adx_di_cross + momentum,67,2026-08-03 12:05,12c_60m,208.71,+0.76,success
2026-08-03 12:19:25,stock,SHORT,AMZN,adx_di_cross + delta + cumdelta,77,2026-08-03 12:10,7c_35m,283.52,-0.13,fail
2026-08-03 12:24:35,stock,SHORT,AMZN,adx_di_cross,76,2026-08-03 12:15,8c_38m,283.48,-0.19,fail
2026-08-03 12:24:35,stock,LONG,MSFT,scalp_bias + near_level + adx_strong,75,2026-08-03 12:15,9c_45m,489.96,+0.18,fail
2026-08-03 12:29:45,stock,SHORT,AMZN,adx_di_cross + delta + cumdelta,77,2026-08-03 12:20,7c_35m,283.48,-0.13,fail
2026-08-03 12:35:04,stock,LONG,MSFT,scalp_bias + near_level + adx_strong,75,2026-08-03 12:25,9c_45m,489.72,+0.12,fail
2026-08-03 12:50:54,stock,SHORT,AMZN,adx_di_cross + delta + cumdelta,77,2026-08-03 12:45,7c_35m,282.48,-0.37,fail
2026-08-03 12:56:08,stock,SHORT,AMZN,adx_di_cross,76,2026-08-03 12:50,8c_38m,282.48,-0.41,success
2026-08-03 13:01:24,stock,LONG,MSFT,scalp_bias + near_level + adx_strong,75,2026-08-03 12:55,9c_45m,491.24,+0.68,success
2026-08-03 13:17:14,stock,SHORT,AMZN,adx_di_cross + delta + cumdelta,77,2026-08-03 13:10,7c_35m,282.42,-0.22,fail
2026-08-03 13:28:17,stock,SHORT,AMZN,adx_di_cross + momentum + adx_strong,81,2026-08-03 13:20,8c_40m,282.42,-0.05,fail
2026-08-03 14:05:22,stock,SHORT,AMZN,adx_di_cross + delta + cumdelta,77,2026-08-03 14:00,7c_35m,283.00,-0.14,fail
2026-08-03 14:10:38,stock,SHORT,AMZN,adx_di_cross + momentum + adx_strong,81,2026-08-03 14:05,8c_40m,283.01,-0.02,fail
2026-08-03 14:15:53,stock,LONG,LLY,scalp_bias + delta + cumdelta,75,2026-08-03 14:10,15c_75m,1125.18,+0.40,success
2026-08-03 14:42:13,stock,LONG,SPCX,mechanical_trigger,90,2026-08-03 14:40,2c_10m,113.37,+2.18,success
2026-08-03 14:42:13,stock,SHORT,LLY,adx_di_cross + near_level,78,2026-08-03 14:35,9c_45m,1116.57,+0.01,fail
2026-08-03 16:20:05,levels,SHORT,QQQ,below_yesterday_high,,2026-08-03 16:15,,,,
2026-08-03 16:20:05,levels,SHORT,QQQ,below_yesterday_low,,2026-08-03 16:15,,,,
2026-08-03 16:20:05,levels,SHORT,QQQ,below_postmarket_high,,2026-08-03 16:15,,,,
2026-08-03 16:20:05,levels,SHORT,QQQ,below_10min_high,,2026-08-03 16:15,,,,
2026-08-03 16:20:05,levels,SHORT,QQQ,below_10min_low,,2026-08-03 16:15,,,,
2026-08-03 16:25:09,levels,LONG,QQQ,above_yesterday_high,,2026-08-03 16:20,,,,
2026-08-03 16:25:09,levels,LONG,QQQ,above_yesterday_low,,2026-08-03 16:20,,,,
2026-08-03 16:25:09,levels,LONG,QQQ,above_postmarket_high,,2026-08-03 16:20,,,,
2026-08-03 16:25:09,levels,LONG,QQQ,above_10min_high,,2026-08-03 16:20,,,,
2026-08-03 16:25:09,levels,LONG,QQQ,above_10min_low,,2026-08-03 16:20,,,,
2026-08-04 03:50:41,levels,SHORT,SPY,below_yesterday_high,,2026-08-04 03:45,,,,
2026-08-04 04:40:17,levels,LONG,SPY,above_yesterday_high,,2026-08-04 04:35,,,,
2026-08-04 04:55:29,levels,SHORT,SPY,below_yesterday_high,,2026-08-04 04:50,,,,
2026-08-04 05:00:32,levels,LONG,SPY,above_yesterday_high,,2026-08-04 04:55,,,,
2026-08-04 08:35:16,levels,LONG,SPY,above_postmarket_high,,2026-08-04 08:30,,,,
2026-08-04 08:35:16,levels,LONG,QQQ,above_postmarket_high,,2026-08-04 08:30,,,,
2026-08-04 08:50:28,levels,LONG,SPY,above_10min_high,,2026-08-04 08:45,,,,
2026-08-04 08:50:28,levels,LONG,QQQ,above_10min_high,,2026-08-04 08:45,,,,
2026-08-04 08:50:29,levels,LONG,SPX,above_10min_high,,2026-08-04 08:45,,,,
2026-08-04 08:57:49,stock,LONG,MU,adx_di_cross + delta + adx_strong,78,2026-08-04 08:50,2c_10m,882.34,+0.07,fail
2026-08-04 09:09:31,intraday,LONG,QQQ,scalp_bias + cumdelta + momentum,75,2026-08-04 09:00,4c_20m,715.74,+0.21,fail
2026-08-04 09:29:55,stock,SHORT,LLY,adx_di_cross + near_level,78,2026-08-04 09:20,9c_45m,1119.00,-0.35,fail
2026-08-04 09:35:16,stock,LONG,AAPL,scalp_bias + adx_strong,80,2026-08-04 09:30,8c_40m,306.51,+0.07,fail
2026-08-04 10:24:14,stock,SHORT,LLY,adx_di_cross + near_level,78,2026-08-04 10:15,9c_45m,1123.12,-0.08,fail
2026-08-04 10:35:20,stock,SHORT,NVDA,mechanical_trigger + delta + momentum,92,2026-08-04 10:25,8c_40m,209.62,-0.13,fail
2026-08-04 10:46:11,stock,LONG,LLY,scalp_bias + delta + cumdelta,75,2026-08-04 10:40,15c_75m,1135.83,+0.82,success
2026-08-04 11:36:32,stock,SHORT,NVDA,mechanical_trigger + scalp_bias + delta,94,2026-08-04 11:30,8c_40m,209.94,-0.04,fail
2026-08-04 11:42:06,stock,LONG,AAPL,scalp_bias + adx_strong,80,2026-08-04 11:35,8c_40m,310.42,+1.20,success
2026-08-04 11:47:30,stock,SHORT,META,adx_di_cross + delta,76,2026-08-04 11:40,7c_35m,578.91,-0.02,fail
2026-08-04 11:52:44,stock,SHORT,LLY,adx_di_cross + delta,76,2026-08-04 11:45,7c_35m,1113.11,-0.37,fail
2026-08-04 11:52:44,stock,SHORT,META,adx_di_cross,76,2026-08-04 11:45,8c_38m,579.44,-0.03,fail
2026-08-04 11:58:10,stock,SHORT,LLY,adx_di_cross + near_level,78,2026-08-04 11:50,9c_45m,1111.62,-1.18,success
2026-08-04 12:03:24,stock,LONG,LLY,liquidity_sweep + delta,88,2026-08-04 11:55,5c_25m,1126.10,+0.02,fail
2026-08-04 13:07:25,stock,SHORT,AMZN,adx_di_cross + momentum + adx_strong,81,2026-08-04 13:00,8c_40m,276.94,-0.35,fail
2026-08-04 13:33:50,stock,SHORT,AMZN,scalp_bias,82,2026-08-04 13:25,8c_40m,276.90,-0.39,fail
2026-08-04 13:33:50,stock,LONG,MSFT,scalp_bias + near_level + adx_strong,75,2026-08-04 13:25,9c_45m,497.80,+0.09,fail
2026-08-04 13:44:27,stock,SHORT,AMZN,adx_di_cross + delta,76,2026-08-04 13:35,7c_35m,276.90,-0.15,fail
2026-08-04 14:10:50,stock,LONG,AAPL,liquidity_sweep,86,2026-08-04 14:05,5c_25m,310.08,+0.51,success
2026-08-04 14:10:50,stock,SHORT,AMZN,scalp_bias,82,2026-08-04 14:05,8c_40m,276.91,-0.06,fail
2026-08-04 14:16:07,stock,LONG,AAPL,liquidity_sweep + delta,88,2026-08-04 14:10,5c_25m,310.24,+0.49,success
2026-08-04 14:32:00,stock,SHORT,AMZN,scalp_bias,82,2026-08-04 14:25,8c_40m,277.00,-0.04,fail
2026-08-05 08:41:26,levels,SHORT,SPY,below_yesterday_high,,2026-08-05 03:20,,,,
2026-08-05 08:41:26,levels,LONG,SPY,above_yesterday_high,,2026-08-05 04:05,,,,
2026-08-05 08:41:26,levels,SHORT,SPY,below_yesterday_high,,2026-08-05 04:15,,,,
2026-08-05 08:41:26,levels,LONG,SPY,above_yesterday_high,,2026-08-05 04:20,,,,
2026-08-05 08:41:26,levels,LONG,SPY,above_10min_low,,2026-08-05 08:05,,,,
2026-08-05 08:41:26,levels,SHORT,SPY,below_10min_low,,2026-08-05 08:20,,,,
2026-08-05 08:41:26,levels,LONG,SPY,above_10min_low,,2026-08-05 08:25,,,,
2026-08-05 08:41:26,levels,LONG,SPY,above_postmarket_high,,2026-08-05 08:30,,,,
2026-08-05 08:41:26,levels,SHORT,QQQ,below_10min_low,,2026-08-05 03:05,,,,
2026-08-05 08:41:26,levels,LONG,QQQ,above_10min_low,,2026-08-05 06:05,,,,
2026-08-05 08:41:26,levels,SHORT,QQQ,below_10min_low,,2026-08-05 06:10,,,,
2026-08-05 08:41:26,levels,LONG,QQQ,above_10min_low,,2026-08-05 06:20,,,,
2026-08-05 08:41:26,levels,SHORT,QQQ,below_10min_low,,2026-08-05 07:00,,,,
2026-08-05 08:41:26,levels,LONG,QQQ,above_10min_low,,2026-08-05 07:10,,,,
2026-08-05 08:41:26,levels,SHORT,QQQ,below_10min_low,,2026-08-05 08:20,,,,
2026-08-05 08:41:26,levels,LONG,QQQ,above_yesterday_high,,2026-08-05 08:25,,,,
2026-08-05 08:41:26,levels,LONG,QQQ,above_10min_low,,2026-08-05 08:25,,,,
2026-08-05 08:41:26,levels,LONG,QQQ,above_postmarket_high,,2026-08-05 08:30,,,,
2026-08-05 08:45:29,levels,LONG,QQQ,above_10min_high,,2026-08-05 08:40,,,,
2026-08-05 08:50:32,levels,SHORT,SPY,below_postmarket_high,,2026-08-05 08:45,,,,
2026-08-05 08:55:36,levels,LONG,SPY,above_postmarket_high,,2026-08-05 08:50,,,,
2026-08-05 08:55:37,levels,SHORT,QQQ,below_10min_high,,2026-08-05 08:50,,,,
2026-08-05 08:57:56,stock,SHORT,AMZN,scalp_bias,82,2026-08-05 08:50,8c_40m,275.31,-0.35,fail
2026-08-05 09:00:41,levels,LONG,QQQ,above_10min_high,,2026-08-05 08:55,,,,
2026-08-05 09:05:45,levels,SHORT,QQQ,below_postmarket_high,,2026-08-05 09:00,,,,
2026-08-05 09:05:45,levels,SHORT,QQQ,below_10min_high,,2026-08-05 09:00,,,,
2026-08-05 09:07:18,intraday,SHORT,QQQ,adx_di_cross + delta,90,2026-08-05 09:00,7c_35m,722.86,-0.42,success
2026-08-05 09:08:20,stock,SHORT,MU,liquidity_sweep + delta,79,2026-08-05 09:00,5c_25m,908.31,-0.08,fail
2026-08-05 09:10:49,levels,LONG,QQQ,above_postmarket_high,,2026-08-05 09:05,,,,
2026-08-05 09:13:31,stock,SHORT,AMZN,scalp_bias,82,2026-08-05 09:05,8c_40m,275.98,-0.23,fail
2026-08-05 09:20:57,levels,SHORT,SPY,below_postmarket_high,,2026-08-05 09:15,,,,
2026-08-05 09:20:57,levels,SHORT,QQQ,below_postmarket_high,,2026-08-05 09:15,,,,
2026-08-05 09:23:53,stock,SHORT,LLY,adx_di_cross + delta + cumdelta,77,2026-08-05 09:15,7c_35m,1152.80,-0.96,success
2026-08-05 09:25:00,levels,LONG,SPY,above_postmarket_high,,2026-08-05 09:20,,,,
2026-08-05 09:27:02,levels,SHORT,SPY,below_postmarket_high,,2026-08-05 09:25,,,,
2026-08-05 09:35:09,levels,SHORT,QQQ,below_10min_low,,2026-08-05 09:30,,,,
2026-08-05 09:35:09,levels,SHORT,SPX,below_10min_low,,2026-08-05 09:30,,,,
2026-08-05 09:55:22,stock,SHORT,TSLA,scalp_bias + delta + momentum,87,2026-08-05 09:50,13c_65m,321.00,-0.61,success
2026-08-05 09:55:25,levels,SHORT,SPY,below_yesterday_high,,2026-08-05 09:50,,,,
2026-08-05 09:55:26,levels,SHORT,SPX,below_yesterday_high,,2026-08-05 09:50,,,,
2026-08-05 09:57:59,intraday,SHORT,QQQ,mechanical_trigger,86,2026-08-05 09:50,4c_22m,721.93,-0.07,fail
2026-08-05 10:00:30,levels,LONG,SPY,above_yesterday_high,,2026-08-05 09:55,,,,
2026-08-05 10:00:30,levels,LONG,SPX,above_yesterday_high,,2026-08-05 09:55,,,,
2026-08-05 10:00:43,stock,SHORT,TSLA,mechanical_trigger + scalp_bias + momentum,84,2026-08-05 09:55,9c_45m,321.00,-0.63,success
2026-08-05 10:11:22,stock,SHORT,AMZN,scalp_bias,82,2026-08-05 10:05,8c_40m,273.60,-1.10,success
2026-08-05 10:11:22,stock,SHORT,MSFT,adx_di_cross + delta + cumdelta,77,2026-08-05 10:05,7c_35m,488.91,-0.22,fail
2026-08-05 10:11:22,stock,SHORT,META,mechanical_trigger + cumdelta + momentum,74,2026-08-05 10:05,6c_28m,585.79,-0.68,success
2026-08-05 10:15:43,levels,SHORT,SPY,below_yesterday_high,,2026-08-05 10:10,,,,
2026-08-05 10:15:43,levels,SHORT,SPX,below_yesterday_high,,2026-08-05 10:10,,,,
2026-08-05 10:16:38,stock,SHORT,MSFT,adx_di_cross,76,2026-08-05 10:10,8c_38m,488.09,-0.55,success
2026-08-05 10:21:53,stock,SHORT,TSLA,mechanical_trigger + scalp_bias + momentum,84,2026-08-05 10:15,9c_45m,321.65,-0.40,fail
2026-08-05 10:21:53,stock,SHORT,MSFT,adx_di_cross + delta + cumdelta,77,2026-08-05 10:15,7c_35m,487.80,-0.47,success
2026-08-05 10:27:12,stock,SHORT,TSLA,scalp_bias + delta + momentum,87,2026-08-05 10:20,13c_65m,321.65,-0.25,fail
2026-08-05 10:43:07,stock,SHORT,MSFT,adx_di_cross + delta,76,2026-08-05 10:35,7c_35m,487.68,-0.31,fail
2026-08-05 10:43:07,stock,SHORT,AAPL,scalp_bias + cumdelta + adx_strong,69,2026-08-05 10:35,17c_85m,307.83,-0.19,fail
2026-08-05 10:43:07,stock,LONG,NVDA,adx_di_cross + momentum,67,2026-08-05 10:35,12c_60m,221.50,+0.58,success
2026-08-05 10:43:42,intraday,SHORT,QQQ,scalp_bias + adx_strong,68,2026-08-05 10:35,10c_50m,719.49,-0.48,success
2026-08-05 10:48:23,stock,SHORT,MSFT,adx_di_cross,76,2026-08-05 10:40,8c_38m,487.68,-0.32,fail
2026-08-05 10:48:46,intraday,SHORT,QQQ,mechanical_trigger,86,2026-08-05 10:40,4c_22m,719.72,-0.36,success
2026-08-05 10:53:39,stock,SHORT,MSFT,adx_di_cross + delta,76,2026-08-05 10:45,7c_35m,487.68,-0.10,fail
2026-08-05 10:55:15,levels,SHORT,SPX,below_postmarket_high,,2026-08-05 10:50,,,,
2026-08-05 10:55:15,levels,SHORT,SPX,below_postmarket_low,,2026-08-05 10:50,,,,
2026-08-05 10:59:00,stock,SHORT,TSLA,scalp_bias + delta + momentum,87,2026-08-05 10:50,13c_65m,321.65,-0.27,fail
2026-08-05 10:59:00,stock,SHORT,MSFT,scalp_bias,82,2026-08-05 10:50,8c_40m,487.68,-0.13,fail
2026-08-05 11:00:19,levels,SHORT,QQQ,below_postmarket_low,,2026-08-05 10:55,,,,
2026-08-05 11:04:08,intraday,SHORT,QQQ,scalp_bias + cumdelta + near_level,83,2026-08-05 10:55,16c_80m,719.49,-0.12,fail
2026-08-05 11:04:08,intraday,SHORT,SPY,mechanical_trigger + scalp_bias + adx_strong,73,2026-08-05 10:55,4c_20m,769.92,-0.09,fail
2026-08-05 11:04:19,stock,SHORT,NVDA,adx_di_cross + delta,76,2026-08-05 10:55,7c_35m,218.96,-0.04,fail
2026-08-05 11:09:37,stock,SHORT,NVDA,adx_di_cross,76,2026-08-05 11:00,8c_38m,218.96,-0.35,fail
2026-08-05 11:14:53,stock,SHORT,NVDA,adx_di_cross + delta,76,2026-08-05 11:05,7c_35m,218.97,-0.11,fail
2026-08-05 11:19:23,intraday,SHORT,SPY,scalp_bias + adx_strong,68,2026-08-05 11:10,10c_50m,770.23,-0.03,fail
2026-08-05 11:20:11,stock,SHORT,MSFT,scalp_bias + delta + momentum,87,2026-08-05 11:10,13c_65m,487.40,-0.17,fail
2026-08-05 11:20:11,stock,LONG,LLY,adx_di_cross + adx_strong,80,2026-08-05 11:15,2c_10m,1169.00,+0.58,success
2026-08-05 11:25:30,stock,SHORT,MSFT,scalp_bias,82,2026-08-05 11:20,8c_40m,487.40,-0.36,fail
2026-08-05 11:25:30,stock,LONG,NVDA,adx_di_cross + momentum,67,2026-08-05 11:20,12c_60m,221.60,+0.40,success
2026-08-05 11:25:42,levels,LONG,QQQ,above_postmarket_low,,2026-08-05 11:20,,,,
2026-08-05 11:30:44,stock,LONG,SPCX,mechanical_trigger,90,2026-08-05 11:25,2c_10m,116.36,+0.47,success
2026-08-05 11:30:44,stock,SHORT,MSFT,scalp_bias + delta,86,2026-08-05 11:25,13c_65m,487.40,-0.33,fail
2026-08-05 11:30:46,levels,LONG,SPX,above_postmarket_high,,2026-08-05 11:25,,,,
2026-08-05 11:30:46,levels,LONG,SPX,above_postmarket_low,,2026-08-05 11:25,,,,
2026-08-05 11:41:10,stock,SHORT,MSFT,scalp_bias,82,2026-08-05 11:40,8c_40m,487.40,-0.31,fail
2026-08-05 11:51:33,stock,SHORT,MSFT,scalp_bias + delta + momentum,87,2026-08-05 11:45,13c_65m,487.40,-0.25,fail
2026-08-05 11:51:33,stock,SHORT,LLY,adx_di_cross + delta + cumdelta,77,2026-08-05 11:45,7c_35m,1148.42,-0.16,fail
2026-08-05 11:56:46,stock,SHORT,LLY,adx_di_cross + cumdelta,76,2026-08-05 11:50,12c_58m,1152.83,-0.09,fail
2026-08-05 12:01:58,stock,SHORT,MSFT,adx_di_cross + scalp_bias + momentum,88,2026-08-05 11:55,7c_35m,487.40,-0.18,fail
2026-08-05 12:09:58,intraday,SHORT,SPY,adx_di_cross + delta,90,2026-08-05 12:00,7c_35m,771.01,-0.05,fail
2026-08-05 12:09:58,intraday,SHORT,QQQ,adx_di_cross + delta,90,2026-08-05 12:00,7c_35m,720.41,-0.13,fail
2026-08-05 12:15:01,intraday,SHORT,QQQ,adx_di_cross + adx_strong,83,2026-08-05 12:10,4c_20m,720.41,-0.10,fail
2026-08-05 12:17:33,stock,SHORT,MSFT,scalp_bias,82,2026-08-05 12:10,8c_40m,487.62,-0.25,fail
2026-08-05 12:22:44,stock,SHORT,MSFT,scalp_bias + delta + momentum,87,2026-08-05 12:15,13c_65m,485.68,-0.54,success
2026-08-05 12:27:57,stock,SHORT,SPCX,vidya_dmi,100,2026-08-05 12:20,1c_5m,111.70,-0.29,fail
2026-08-05 12:27:57,stock,SHORT,MSFT,adx_di_cross + scalp_bias + momentum,88,2026-08-05 12:20,7c_35m,487.70,-0.07,fail
2026-08-05 12:30:30,levels,SHORT,QQQ,below_postmarket_low,,2026-08-05 12:25,,,,
2026-08-05 12:33:11,stock,SHORT,MSFT,adx_di_cross + scalp_bias + near_level,86,2026-08-05 12:25,12c_60m,485.68,-0.54,success
2026-08-05 12:38:24,stock,SHORT,MSFT,adx_di_cross + near_level,78,2026-08-05 12:30,9c_45m,485.68,-0.56,success
2026-08-05 12:38:24,stock,LONG,AAPL,scalp_bias + near_level,74,2026-08-05 12:30,5c_25m,310.22,+0.02,fail
2026-08-05 12:43:37,stock,SHORT,MSFT,scalp_bias + delta + momentum,87,2026-08-05 12:35,13c_65m,485.68,-0.54,success
2026-08-05 12:48:48,stock,SHORT,MSFT,scalp_bias,82,2026-08-05 12:40,8c_40m,485.68,-0.59,success
2026-08-05 12:50:28,intraday,SHORT,SPY,adx_di_cross + near_level,100,2026-08-05 12:45,9c_45m,771.20,-0.08,fail
2026-08-05 12:50:28,intraday,SHORT,QQQ,adx_di_cross,78,2026-08-05 12:45,8c_38m,720.58,-0.07,fail
2026-08-05 12:50:48,levels,LONG,QQQ,above_postmarket_low,,2026-08-05 12:45,,,,
2026-08-05 12:55:32,intraday,SHORT,QQQ,adx_di_cross + delta,90,2026-08-05 12:50,7c_35m,720.58,-0.03,fail
2026-08-05 12:55:52,levels,SHORT,QQQ,below_postmarket_low,,2026-08-05 12:50,,,,
2026-08-05 13:00:36,intraday,SHORT,QQQ,adx_di_cross,78,2026-08-05 12:55,8c_38m,720.13,-0.10,fail
2026-08-05 13:06:00,levels,LONG,QQQ,above_postmarket_low,,2026-08-05 13:00,,,,
2026-08-05 13:09:40,stock,SHORT,TSLA,mechanical_trigger + scalp_bias + momentum,84,2026-08-05 13:00,9c_45m,320.57,-0.61,success
2026-08-05 13:14:52,stock,SHORT,TSLA,scalp_bias + delta + momentum,87,2026-08-05 13:05,13c_65m,320.28,-0.61,success
2026-08-05 13:14:52,stock,SHORT,MSFT,adx_di_cross,76,2026-08-05 13:05,8c_38m,489.09,-0.01,fail
2026-08-05 13:25:54,intraday,SHORT,QQQ,scalp_bias + near_level,78,2026-08-05 13:20,13c_65m,719.94,-0.16,fail
2026-08-05 13:30:35,stock,SHORT,TSLA,adx_di_cross + delta,76,2026-08-05 13:25,7c_35m,320.28,-0.52,success
2026-08-05 13:35:23,levels,SHORT,QQQ,below_postmarket_low,,2026-08-05 13:30,,,,
2026-08-05 13:36:02,intraday,SHORT,SPY,adx_di_cross + near_level,100,2026-08-05 13:30,9c_45m,771.24,-0.02,fail
2026-08-05 13:36:02,intraday,SHORT,QQQ,adx_di_cross + delta,90,2026-08-05 13:30,7c_35m,719.94,-0.07,fail
2026-08-05 13:41:06,intraday,SHORT,QQQ,mechanical_trigger,86,2026-08-05 13:35,4c_22m,720.05,-0.06,fail
2026-08-05 13:51:43,stock,SHORT,META,adx_di_cross + delta + cumdelta,77,2026-08-05 13:45,7c_35m,580.28,-0.55,success
2026-08-05 13:56:22,intraday,SHORT,QQQ,scalp_bias + delta,72,2026-08-05 13:50,13c_65m,716.93,-0.50,success
2026-08-05 14:01:25,intraday,SHORT,SPY,adx_di_cross + near_level,100,2026-08-05 13:55,9c_45m,771.24,-0.02,fail
2026-08-05 14:01:25,intraday,SHORT,QQQ,adx_di_cross + delta,90,2026-08-05 13:55,7c_35m,719.94,-0.02,fail
2026-08-05 14:02:09,stock,SHORT,META,mechanical_trigger + cumdelta + momentum,74,2026-08-05 14:00,6c_28m,581.56,+0.01,fail
2026-08-05 14:06:30,intraday,SHORT,QQQ,mechanical_trigger,86,2026-08-05 14:00,4c_22m,720.79,-0.02,fail
2026-08-05 14:07:23,stock,SHORT,LLY,adx_di_cross + delta + cumdelta,77,2026-08-05 14:00,7c_35m,1155.76,-0.02,fail
2026-08-05 14:10:49,levels,LONG,QQQ,above_postmarket_low,,2026-08-05 14:05,,,,
2026-08-05 14:11:35,intraday,SHORT,QQQ,adx_di_cross,78,2026-08-05 14:05,8c_38m,719.66,-0.20,fail
2026-08-05 14:12:36,stock,SHORT,LLY,adx_di_cross + cumdelta,76,2026-08-05 14:05,12c_58m,1156.76,-0.01,fail
2026-08-05 14:12:36,stock,LONG,AAPL,scalp_bias + near_level,74,2026-08-05 14:05,5c_25m,310.06,+0.33,fail
2026-08-05 14:17:51,stock,LONG,AAPL,scalp_bias + momentum,72,2026-08-05 14:10,3c_15m,309.88,+0.31,fail
2026-08-05 14:23:03,stock,LONG,AAPL,scalp_bias + near_level,74,2026-08-05 14:15,5c_25m,310.06,+0.34,fail
2026-08-05 14:28:14,stock,SHORT,AMZN,scalp_bias,82,2026-08-05 14:20,8c_40m,271.10,-0.13,fail
2026-08-05 14:33:50,stock,LONG,AAPL,scalp_bias + momentum,72,2026-08-05 14:25,3c_15m,310.06,+0.14,fail
2026-08-05 14:36:53,intraday,SHORT,QQQ,adx_di_cross + delta,90,2026-08-05 14:30,7c_35m,715.46,-0.67,success
2026-08-05 14:39:10,stock,SHORT,AMZN,mechanical_trigger + near_level,78,2026-08-05 14:30,9c_45m,271.28,-0.10,fail
2026-08-05 14:44:29,stock,SHORT,AMZN,scalp_bias,82,2026-08-05 14:35,8c_40m,271.28,-0.03,fail
2026-08-05 15:00:27,levels,SHORT,SPX,below_postmarket_high,,2026-08-05 14:55,,,,
2026-08-05 15:00:27,levels,SHORT,SPX,below_postmarket_low,,2026-08-05 14:55,,,,
2026-08-06 08:53:30,levels,LONG,SPY,above_10min_high,,2026-08-06 03:25,,,,
2026-08-06 08:53:30,levels,SHORT,SPY,below_10min_high,,2026-08-06 04:05,,,,
2026-08-06 08:53:30,levels,LONG,SPY,above_10min_high,,2026-08-06 04:15,,,,
2026-08-06 08:53:30,levels,SHORT,SPY,below_10min_high,,2026-08-06 06:00,,,,
2026-08-06 08:53:30,levels,LONG,SPY,above_10min_high,,2026-08-06 06:15,,,,
2026-08-06 08:53:30,levels,SHORT,SPY,below_10min_high,,2026-08-06 06:45,,,,
2026-08-06 08:53:30,levels,LONG,SPY,above_10min_high,,2026-08-06 06:55,,,,
2026-08-06 08:53:30,levels,SHORT,SPY,below_10min_high,,2026-08-06 07:00,,,,
2026-08-06 08:53:30,levels,LONG,SPY,above_10min_high,,2026-08-06 07:35,,,,
2026-08-06 08:53:30,levels,SHORT,SPY,below_10min_high,,2026-08-06 07:40,,,,
2026-08-06 08:53:30,levels,SHORT,SPY,below_postmarket_low,,2026-08-06 08:35,,,,
2026-08-06 08:53:30,levels,LONG,SPY,above_postmarket_low,,2026-08-06 08:40,,,,
2026-08-06 08:53:30,levels,LONG,SPY,above_10min_high,,2026-08-06 08:45,,,,
2026-08-06 08:53:30,levels,SHORT,QQQ,below_10min_high,,2026-08-06 04:10,,,,
2026-08-06 08:53:30,levels,LONG,QQQ,above_10min_high,,2026-08-06 04:15,,,,
2026-08-06 08:53:30,levels,SHORT,QQQ,below_10min_high,,2026-08-06 06:00,,,,
2026-08-06 08:53:30,levels,LONG,QQQ,above_10min_high,,2026-08-06 06:15,,,,
2026-08-06 08:53:30,levels,SHORT,QQQ,below_10min_high,,2026-08-06 07:00,,,,
2026-08-06 08:53:30,levels,LONG,QQQ,above_10min_high,,2026-08-06 07:35,,,,
2026-08-06 08:53:30,levels,SHORT,QQQ,below_10min_high,,2026-08-06 07:40,,,,
2026-08-06 08:53:30,levels,LONG,QQQ,above_10min_high,,2026-08-06 08:40,,,,
2026-08-06 08:54:31,levels,SHORT,SPX,below_postmarket_high,,2026-08-06 08:35,,,,
2026-08-06 08:54:31,levels,SHORT,SPX,below_postmarket_low,,2026-08-06 08:35,,,,
2026-08-06 08:54:31,levels,LONG,SPX,above_postmarket_high,,2026-08-06 08:40,,,,
2026-08-06 08:54:31,levels,LONG,SPX,above_postmarket_low,,2026-08-06 08:40,,,,
2026-08-06 08:54:31,levels,LONG,SPX,above_10min_high,,2026-08-06 08:45,,,,
2026-08-06 08:55:32,levels,SHORT,SPX,below_10min_high,,2026-08-06 08:50,,,,
2026-08-06 09:06:42,levels,LONG,SPX,above_10min_high,,2026-08-06 09:00,,,,
2026-08-06 09:15:49,levels,LONG,QQQ,above_yesterday_low,,2026-08-06 09:10,,,,
2026-08-06 09:30:58,levels,SHORT,SPY,below_10min_high,,2026-08-06 09:25,,,,
2026-08-06 09:30:58,levels,SHORT,QQQ,below_yesterday_low,,2026-08-06 09:25,,,,
2026-08-06 09:30:58,levels,SHORT,SPX,below_10min_high,,2026-08-06 09:25,,,,
2026-08-06 09:36:02,levels,LONG,SPY,above_10min_high,,2026-08-06 09:35,,,,
2026-08-06 09:37:03,levels,LONG,QQQ,above_yesterday_low,,2026-08-06 09:30,,,,
2026-08-06 09:40:05,levels,SHORT,QQQ,below_yesterday_low,,2026-08-06 09:35,,,,
2026-08-06 09:40:05,levels,SHORT,SPX,below_postmarket_high,,2026-08-06 09:35,,,,
2026-08-06 09:40:05,levels,SHORT,SPX,below_postmarket_low,,2026-08-06 09:35,,,,
2026-08-06 09:45:08,levels,LONG,SPY,above_postmarket_low,,2026-08-06 09:40,,,,
2026-08-06 09:45:09,levels,LONG,SPX,above_postmarket_high,,2026-08-06 09:40,,,,
2026-08-06 09:45:09,levels,LONG,SPX,above_postmarket_low,,2026-08-06 09:40,,,,
2026-08-06 09:50:12,levels,SHORT,SPY,below_postmarket_low,,2026-08-06 09:45,,,,
2026-08-06 09:50:12,levels,SHORT,SPX,below_postmarket_high,,2026-08-06 09:45,,,,
2026-08-06 09:50:12,levels,SHORT,SPX,below_postmarket_low,,2026-08-06 09:45,,,,
2026-08-06 09:55:15,levels,LONG,SPY,above_postmarket_low,,2026-08-06 09:50,,,,
2026-08-06 09:55:16,levels,LONG,QQQ,above_yesterday_low,,2026-08-06 09:50,,,,
2026-08-06 09:55:16,levels,LONG,SPX,above_postmarket_high,,2026-08-06 09:50,,,,
2026-08-06 09:55:16,levels,LONG,SPX,above_postmarket_low,,2026-08-06 09:50,,,,
2026-08-06 10:00:19,levels,LONG,SPY,above_10min_high,,2026-08-06 09:55,,,,
2026-08-06 10:05:23,levels,SHORT,SPY,below_10min_high,,2026-08-06 10:00,,,,
2026-08-06 10:10:27,levels,LONG,QQQ,above_postmarket_high,,2026-08-06 10:05,,,,
2026-08-06 10:15:31,levels,SHORT,QQQ,below_postmarket_high,,2026-08-06 10:10,,,,
2026-08-06 10:15:31,levels,SHORT,SPX,below_postmarket_high,,2026-08-06 10:10,,,,
2026-08-06 10:15:31,levels,SHORT,SPX,below_postmarket_low,,2026-08-06 10:10,,,,
2026-08-06 10:20:34,levels,SHORT,SPY,below_yesterday_low,,2026-08-06 10:15,,,,
2026-08-06 10:20:34,levels,SHORT,SPY,below_postmarket_low,,2026-08-06 10:15,,,,
2026-08-06 10:20:34,levels,SHORT,SPY,below_10min_low,,2026-08-06 10:15,,,,
2026-08-06 10:20:34,levels,SHORT,QQQ,below_yesterday_low,,2026-08-06 10:15,,,,
2026-08-06 10:20:35,levels,SHORT,SPX,below_yesterday_low,,2026-08-06 10:15,,,,
2026-08-06 10:25:38,levels,SHORT,SPX,below_10min_low,,2026-08-06 10:20,,,,
2026-08-06 10:30:43,levels,LONG,SPY,above_10min_low,,2026-08-06 10:25,,,,
2026-08-06 10:30:43,levels,LONG,QQQ,above_yesterday_low,,2026-08-06 10:25,,,,
2026-08-06 10:30:43,levels,LONG,SPX,above_10min_low,,2026-08-06 10:25,,,,
2026-08-06 10:35:46,levels,SHORT,SPY,below_10min_low,,2026-08-06 10:30,,,,
2026-08-06 10:35:47,levels,SHORT,QQQ,below_yesterday_low,,2026-08-06 10:30,,,,
2026-08-06 10:35:47,levels,SHORT,SPX,below_10min_low,,2026-08-06 10:30,,,,
2026-08-06 10:50:58,levels,LONG,SPY,above_10min_low,,2026-08-06 10:45,,,,
2026-08-06 10:50:58,levels,LONG,SPX,above_10min_low,,2026-08-06 10:45,,,,
2026-08-06 10:54:00,levels,SHORT,SPX,below_10min_low,,2026-08-06 10:50,,,,
2026-08-06 10:55:01,levels,SHORT,SPY,below_10min_low,,2026-08-06 10:50,,,,
2026-08-06 13:15:42,levels,LONG,SPY,above_10min_low,,2026-08-06 13:10,,,,
2026-08-06 13:15:42,levels,LONG,SPX,above_10min_low,,2026-08-06 13:10,,,,
2026-08-06 13:25:49,levels,LONG,SPY,above_yesterday_low,,2026-08-06 13:20,,,,
2026-08-06 13:30:53,levels,SHORT,SPY,below_yesterday_low,,2026-08-06 13:25,,,,
2026-08-06 13:40:00,levels,SHORT,SPX,below_10min_low,,2026-08-06 13:35,,,,
2026-08-06 13:41:00,levels,SHORT,SPY,below_10min_low,,2026-08-06 13:35,,,,
2026-08-06 14:05:17,levels,LONG,SPY,above_yesterday_low,,2026-08-06 14:00,,,,
2026-08-06 14:05:17,levels,LONG,SPY,above_10min_low,,2026-08-06 14:00,,,,
2026-08-06 14:05:18,levels,LONG,SPX,above_10min_low,,2026-08-06 14:00,,,,
2026-08-06 14:10:22,levels,LONG,SPX,above_yesterday_low,,2026-08-06 14:05,,,,
2026-08-06 14:15:25,levels,SHORT,SPY,below_yesterday_low,,2026-08-06 14:10,,,,
2026-08-06 14:15:25,levels,SHORT,SPX,below_yesterday_low,,2026-08-06 14:10,,,,
2026-08-06 14:25:32,levels,SHORT,SPY,below_10min_low,,2026-08-06 14:20,,,,
2026-08-06 14:25:32,levels,SHORT,SPX,below_10min_low,,2026-08-06 14:20,,,,
2026-08-13 11:53:23,levels,LONG,SPY,above_10min_low,,2026-08-13 06:35,,,,
2026-08-13 11:53:23,levels,SHORT,SPY,below_10min_low,,2026-08-13 06:55,,,,
2026-08-13 11:53:23,levels,LONG,SPY,above_10min_low,,2026-08-13 07:50,,,,
2026-08-13 11:53:23,levels,LONG,SPY,above_yesterday_high,,2026-08-13 08:30,,,,
2026-08-13 11:53:23,levels,LONG,SPY,above_postmarket_high,,2026-08-13 08:30,,,,
2026-08-13 11:53:23,levels,LONG,SPY,above_10min_high,,2026-08-13 08:45,,,,
2026-08-13 11:53:23,levels,SHORT,SPY,below_10min_high,,2026-08-13 10:25,,,,
2026-08-13 11:53:23,levels,LONG,SPY,above_10min_high,,2026-08-13 11:25,,,,
2026-08-13 11:53:23,levels,SHORT,SPY,below_10min_high,,2026-08-13 11:35,,,,
2026-08-13 11:53:23,levels,LONG,SPY,above_10min_high,,2026-08-13 11:45,,,,
2026-08-13 11:53:24,levels,LONG,QQQ,above_10min_low,,2026-08-13 04:50,,,,
2026-08-13 11:53:24,levels,SHORT,QQQ,below_10min_low,,2026-08-13 06:15,,,,
2026-08-13 11:53:24,levels,LONG,QQQ,above_10min_low,,2026-08-13 06:20,,,,
2026-08-13 11:53:24,levels,SHORT,QQQ,below_10min_low,,2026-08-13 06:25,,,,
2026-08-13 11:53:24,levels,LONG,QQQ,above_10min_low,,2026-08-13 06:30,,,,
2026-08-13 11:53:24,levels,SHORT,QQQ,below_10min_low,,2026-08-13 07:00,,,,
2026-08-13 11:53:24,levels,SHORT,QQQ,below_yesterday_low,,2026-08-13 07:15,,,,
2026-08-13 11:53:24,levels,LONG,QQQ,above_yesterday_low,,2026-08-13 07:20,,,,
2026-08-13 11:53:24,levels,LONG,QQQ,above_10min_low,,2026-08-13 07:50,,,,
2026-08-13 11:53:24,levels,LONG,QQQ,above_postmarket_high,,2026-08-13 08:30,,,,
2026-08-13 11:53:24,levels,LONG,QQQ,above_yesterday_high,,2026-08-13 08:35,,,,
2026-08-13 11:53:24,levels,LONG,QQQ,above_10min_high,,2026-08-13 08:45,,,,
2026-08-13 11:53:24,levels,LONG,SPX,above_10min_high,,2026-08-13 08:45,,,,
2026-08-13 11:53:24,levels,SHORT,SPX,below_10min_high,,2026-08-13 10:25,,,,
2026-08-13 11:53:24,levels,LONG,SPX,above_10min_high,,2026-08-13 11:25,,,,
2026-08-13 11:53:24,levels,SHORT,SPX,below_10min_high,,2026-08-13 11:35,,,,
2026-08-13 11:53:24,levels,LONG,SPX,above_10min_high,,2026-08-13 11:40,,,,
2026-08-14 08:49:20,levels,LONG,SPY,above_10min_high,,2026-08-14 03:45,,,,
2026-08-14 08:49:20,levels,SHORT,SPY,below_10min_high,,2026-08-14 03:50,,,,
2026-08-14 08:49:20,levels,LONG,SPY,above_10min_high,,2026-08-14 05:00,,,,
2026-08-14 08:49:20,levels,SHORT,SPY,below_10min_high,,2026-08-14 05:15,,,,
2026-08-14 08:49:20,levels,LONG,SPY,above_10min_high,,2026-08-14 05:55,,,,
2026-08-14 08:49:20,levels,SHORT,SPY,below_10min_high,,2026-08-14 06:00,,,,
2026-08-14 08:49:20,levels,LONG,SPY,above_10min_high,,2026-08-14 06:05,,,,
2026-08-14 08:49:20,levels,SHORT,SPY,below_10min_high,,2026-08-14 06:10,,,,
2026-08-14 08:49:20,levels,LONG,SPY,above_10min_high,,2026-08-14 06:30,,,,
2026-08-14 08:49:20,levels,SHORT,SPY,below_10min_high,,2026-08-14 07:10,,,,
2026-08-14 08:49:20,levels,LONG,SPY,above_10min_high,,2026-08-14 07:25,,,,
2026-08-14 08:49:20,levels,SHORT,SPY,below_10min_high,,2026-08-14 08:10,,,,
2026-08-14 08:49:20,levels,LONG,QQQ,above_yesterday_high,,2026-08-14 06:45,,,,
2026-08-14 08:49:20,levels,SHORT,QQQ,below_yesterday_high,,2026-08-14 06:50,,,,
2026-08-14 08:49:20,levels,LONG,QQQ,above_yesterday_high,,2026-08-14 06:55,,,,
2026-08-14 08:49:20,levels,SHORT,QQQ,below_yesterday_high,,2026-08-14 07:10,,,,
2026-08-14 08:49:20,levels,LONG,QQQ,above_yesterday_high,,2026-08-14 07:30,,,,
2026-08-14 08:49:20,levels,LONG,QQQ,above_10min_high,,2026-08-14 07:30,,,,
2026-08-14 08:49:20,levels,SHORT,QQQ,below_10min_high,,2026-08-14 07:35,,,,
2026-08-14 08:49:20,levels,LONG,QQQ,above_10min_high,,2026-08-14 07:45,,,,
2026-08-14 08:49:20,levels,SHORT,QQQ,below_10min_high,,2026-08-14 07:55,,,,
2026-08-14 08:49:20,levels,LONG,QQQ,above_10min_high,,2026-08-14 08:00,,,,
2026-08-14 08:49:20,levels,SHORT,QQQ,below_10min_high,,2026-08-14 08:05,,,,
2026-08-14 08:49:20,levels,SHORT,QQQ,below_yesterday_high,,2026-08-14 08:10,,,,
2026-08-14 09:05:32,levels,LONG,SPX,above_10min_high,,2026-08-14 09:00,,,,
2026-08-14 09:10:35,levels,SHORT,SPX,below_10min_high,,2026-08-14 09:05,,,,
2026-08-14 09:25:45,levels,SHORT,SPY,below_10min_low,,2026-08-14 09:20,,,,
2026-08-14 09:25:45,levels,SHORT,QQQ,below_10min_low,,2026-08-14 09:20,,,,
2026-08-14 09:25:45,levels,SHORT,SPX,below_postmarket_high,,2026-08-14 09:20,,,,
2026-08-14 09:25:45,levels,SHORT,SPX,below_postmarket_low,,2026-08-14 09:20,,,,
2026-08-14 09:25:45,levels,SHORT,SPX,below_10min_low,,2026-08-14 09:20,,,,
2026-08-14 09:40:55,levels,LONG,QQQ,above_10min_low,,2026-08-14 09:35,,,,
2026-08-14 09:45:58,levels,SHORT,QQQ,below_10min_low,,2026-08-14 09:40,,,,
2026-08-14 10:00:08,levels,SHORT,QQQ,below_postmarket_low,,2026-08-14 09:55,,,,
2026-08-14 15:00:40,levels,LONG,QQQ,above_postmarket_low,,2026-08-14 14:55,,,,
2026-08-14 15:20:55,levels,SHORT,QQQ,below_postmarket_low,,2026-08-14 15:15,,,,
2026-08-14 15:34:04,levels,LONG,QQQ,above_postmarket_low,,2026-08-14 15:30,,,,
2026-08-17 09:25:11,levels,SHORT,SPY,below_10min_high,,2026-08-17 07:25,,,,
2026-08-17 09:25:11,levels,SHORT,SPY,below_postmarket_low,,2026-08-17 08:30,,,,
2026-08-17 09:25:11,levels,LONG,SPY,above_postmarket_low,,2026-08-17 08:45,,,,
2026-08-17 09:25:11,levels,SHORT,SPY,below_yesterday_low,,2026-08-17 08:55,,,,
2026-08-17 09:25:11,levels,SHORT,SPY,below_postmarket_low,,2026-08-17 08:55,,,,
2026-08-17 09:25:11,levels,SHORT,SPY,below_10min_low,,2026-08-17 08:55,,,,
2026-08-17 09:25:11,levels,LONG,SPY,above_10min_low,,2026-08-17 09:00,,,,
2026-08-17 09:25:11,levels,LONG,SPY,above_yesterday_low,,2026-08-17 09:05,,,,
2026-08-17 09:25:11,levels,SHORT,SPY,below_yesterday_low,,2026-08-17 09:15,,,,
2026-08-17 09:25:11,levels,SHORT,SPY,below_10min_low,,2026-08-17 09:20,,,,
2026-08-17 09:25:12,levels,SHORT,QQQ,below_yesterday_high,,2026-08-17 04:20,,,,
2026-08-17 09:25:12,levels,LONG,QQQ,above_yesterday_high,,2026-08-17 04:40,,,,
2026-08-17 09:25:12,levels,SHORT,QQQ,below_yesterday_high,,2026-08-17 07:00,,,,
2026-08-17 09:25:12,levels,SHORT,QQQ,below_10min_high,,2026-08-17 07:00,,,,
2026-08-17 09:25:12,levels,LONG,QQQ,above_10min_high,,2026-08-17 07:05,,,,
2026-08-17 09:25:12,levels,LONG,QQQ,above_yesterday_high,,2026-08-17 07:10,,,,
2026-08-17 09:25:12,levels,SHORT,QQQ,below_yesterday_high,,2026-08-17 07:15,,,,
2026-08-17 09:25:12,levels,SHORT,QQQ,below_10min_high,,2026-08-17 07:25,,,,
2026-08-17 09:25:12,levels,LONG,SPX,above_yesterday_low,,2026-08-17 08:45,,,,
2026-08-17 09:25:12,levels,SHORT,SPX,below_yesterday_low,,2026-08-17 08:55,,,,
2026-08-17 09:25:12,levels,SHORT,SPX,below_10min_low,,2026-08-17 08:55,,,,
2026-08-17 09:25:12,levels,LONG,SPX,above_10min_low,,2026-08-17 09:00,,,,
2026-08-17 09:25:12,levels,LONG,SPX,above_yesterday_low,,2026-08-17 09:10,,,,
2026-08-17 09:25:12,levels,SHORT,SPX,below_yesterday_low,,2026-08-17 09:15,,,,
2026-08-17 09:25:12,levels,SHORT,SPX,below_10min_low,,2026-08-17 09:20,,,,
2026-08-17 09:30:16,levels,LONG,SPY,above_yesterday_low,,2026-08-17 09:25,,,,
2026-08-17 09:30:16,levels,LONG,SPY,above_10min_low,,2026-08-17 09:25,,,,
2026-08-17 09:30:17,levels,LONG,SPX,above_10min_low,,2026-08-17 09:25,,,,
2026-08-17 09:35:21,levels,LONG,SPX,above_yesterday_low,,2026-08-17 09:30,,,,
2026-08-17 09:40:25,levels,SHORT,SPY,below_yesterday_low,,2026-08-17 09:35,,,,
2026-08-17 09:40:25,levels,SHORT,SPY,below_10min_low,,2026-08-17 09:35,,,,
2026-08-17 09:40:26,levels,SHORT,SPX,below_yesterday_low,,2026-08-17 09:35,,,,
2026-08-17 09:40:26,levels,SHORT,SPX,below_10min_low,,2026-08-17 09:35,,,,
2026-08-17 10:05:50,levels,LONG,SPY,above_yesterday_low,,2026-08-17 10:00,,,,
2026-08-17 10:05:50,levels,LONG,SPY,above_10min_low,,2026-08-17 10:00,,,,
2026-08-17 10:05:50,levels,LONG,QQQ,above_10min_high,,2026-08-17 10:00,,,,
2026-08-17 10:05:50,levels,LONG,SPX,above_10min_low,,2026-08-17 10:00,,,,
2026-08-17 10:10:54,levels,SHORT,SPY,below_yesterday_low,,2026-08-17 10:05,,,,
2026-08-17 10:10:55,levels,SHORT,QQQ,below_10min_high,,2026-08-17 10:05,,,,
2026-08-17 10:10:55,levels,SHORT,SPX,below_10min_low,,2026-08-17 10:05,,,,
2026-08-17 10:19:01,levels,LONG,QQQ,above_10min_high,,2026-08-17 10:15,,,,
2026-08-17 10:19:01,levels,LONG,SPX,above_yesterday_low,,2026-08-17 10:15,,,,
2026-08-17 10:19:01,levels,LONG,SPX,above_10min_low,,2026-08-17 10:15,,,,
2026-08-17 10:20:01,levels,LONG,SPY,above_yesterday_low,,2026-08-17 10:15,,,,
2026-08-17 10:35:15,levels,SHORT,SPY,below_yesterday_low,,2026-08-17 10:30,,,,
2026-08-17 10:35:15,levels,SHORT,SPY,below_10min_low,,2026-08-17 10:30,,,,
2026-08-17 10:35:15,levels,SHORT,QQQ,below_10min_high,,2026-08-17 10:30,,,,
2026-08-17 10:35:15,levels,SHORT,SPX,below_yesterday_low,,2026-08-17 10:30,,,,
2026-08-17 10:35:15,levels,SHORT,SPX,below_10min_low,,2026-08-17 10:30,,,,
2026-08-17 10:55:31,levels,LONG,SPY,above_10min_low,,2026-08-17 10:50,,,,
2026-08-17 11:00:36,levels,SHORT,SPY,below_10min_low,,2026-08-17 10:55,,,,
2026-08-17 11:15:48,levels,LONG,SPY,above_10min_low,,2026-08-17 11:10,,,,
2026-08-17 11:20:52,levels,LONG,SPY,above_yesterday_low,,2026-08-17 11:15,,,,
2026-08-17 11:20:53,levels,LONG,SPX,above_10min_low,,2026-08-17 11:15,,,,
2026-08-17 11:25:56,levels,SHORT,SPY,below_yesterday_low,,2026-08-17 11:20,,,,
2026-08-17 11:25:57,levels,SHORT,SPX,below_10min_low,,2026-08-17 11:20,,,,
2026-08-17 11:30:00,levels,SHORT,SPY,below_10min_low,,2026-08-17 11:25,,,,
2026-08-17 12:10:36,levels,SHORT,QQQ,below_10min_low,,2026-08-17 12:05,,,,
2026-08-17 12:25:50,levels,SHORT,QQQ,below_postmarket_low,,2026-08-17 12:20,,,,
2026-08-17 12:45:07,levels,LONG,QQQ,above_postmarket_low,,2026-08-17 12:40,,,,
2026-08-17 12:50:11,levels,SHORT,QQQ,below_postmarket_low,,2026-08-17 12:45,,,,
2026-08-17 13:46:00,levels,LONG,QQQ,above_postmarket_low,,2026-08-17 13:40,,,,
2026-08-17 14:05:18,levels,SHORT,QQQ,below_postmarket_low,,2026-08-17 14:00,,,,
2026-08-17 14:50:59,levels,LONG,QQQ,above_postmarket_low,,2026-08-17 14:45,,,,
2026-08-17 14:53:01,levels,SHORT,QQQ,below_postmarket_low,,2026-08-17 14:50,,,,
2026-08-18 08:46:31,levels,LONG,SPY,above_10min_high,,2026-08-18 06:10,,,,
2026-08-18 08:46:31,levels,SHORT,SPY,below_10min_high,,2026-08-18 06:30,,,,
2026-08-18 08:46:31,levels,LONG,SPY,above_10min_high,,2026-08-18 06:40,,,,
2026-08-18 08:46:31,levels,SHORT,SPY,below_10min_high,,2026-08-18 06:50,,,,
2026-08-18 08:46:31,levels,LONG,SPY,above_10min_high,,2026-08-18 06:55,,,,
2026-08-18 08:46:31,levels,SHORT,SPY,below_10min_high,,2026-08-18 07:10,,,,
2026-08-18 08:46:31,levels,LONG,SPY,above_10min_high,,2026-08-18 07:15,,,,
2026-08-18 08:46:31,levels,SHORT,SPY,below_10min_high,,2026-08-18 07:20,,,,
2026-08-18 08:46:31,levels,LONG,SPY,above_10min_high,,2026-08-18 07:50,,,,
2026-08-18 08:46:31,levels,SHORT,SPY,below_10min_high,,2026-08-18 08:00,,,,
2026-08-18 08:46:32,levels,SHORT,QQQ,below_10min_high,,2026-08-18 03:20,,,,
2026-08-18 08:46:32,levels,LONG,QQQ,above_10min_high,,2026-08-18 03:25,,,,
2026-08-18 08:46:32,levels,SHORT,QQQ,below_10min_high,,2026-08-18 03:45,,,,
2026-08-18 08:46:32,levels,LONG,QQQ,above_10min_high,,2026-08-18 03:50,,,,
2026-08-18 08:46:32,levels,SHORT,QQQ,below_10min_high,,2026-08-18 04:15,,,,
2026-08-18 08:46:32,levels,LONG,QQQ,above_10min_high,,2026-08-18 06:00,,,,
2026-08-18 08:46:32,levels,SHORT,QQQ,below_10min_high,,2026-08-18 06:30,,,,
2026-08-18 08:46:32,levels,LONG,QQQ,above_10min_high,,2026-08-18 06:40,,,,
2026-08-18 08:46:32,levels,SHORT,QQQ,below_10min_high,,2026-08-18 06:50,,,,
2026-08-18 08:46:32,levels,LONG,QQQ,above_10min_high,,2026-08-18 07:00,,,,
2026-08-18 08:46:32,levels,SHORT,QQQ,below_10min_high,,2026-08-18 07:05,,,,
2026-08-18 08:50:35,levels,SHORT,QQQ,below_postmarket_low,,2026-08-18 08:45,,,,
2026-08-18 09:10:51,levels,SHORT,QQQ,below_10min_low,,2026-08-18 09:05,,,,
2026-08-18 09:24:01,levels,LONG,QQQ,above_10min_low,,2026-08-18 09:20,,,,
2026-08-18 09:45:19,levels,SHORT,QQQ,below_10min_low,,2026-08-18 09:40,,,,
2026-08-18 10:10:44,levels,SHORT,SPY,below_postmarket_low,,2026-08-18 10:05,,,,
2026-08-18 10:10:44,levels,SHORT,SPY,below_10min_low,,2026-08-18 10:05,,,,
2026-08-18 10:10:45,levels,SHORT,SPX,below_10min_low,,2026-08-18 10:05,,,,
2026-08-18 10:30:00,levels,LONG,SPY,above_postmarket_low,,2026-08-18 10:25,,,,
2026-08-18 10:30:00,levels,LONG,SPX,above_10min_low,,2026-08-18 10:25,,,,
2026-08-18 10:32:01,levels,LONG,SPY,above_10min_low,,2026-08-18 10:30,,,,
2026-08-18 10:40:09,levels,SHORT,SPX,below_10min_low,,2026-08-18 10:35,,,,
2026-08-18 10:45:12,levels,LONG,SPY,above_10min_low,,2026-08-18 10:40,,,,
2026-08-18 10:45:12,levels,LONG,SPX,above_10min_low,,2026-08-18 10:40,,,,
2026-08-18 10:55:20,levels,LONG,QQQ,above_10min_low,,2026-08-18 10:50,,,,
2026-08-18 11:20:40,levels,SHORT,QQQ,below_10min_low,,2026-08-18 11:15,,,,
2026-08-18 11:25:44,levels,LONG,QQQ,above_10min_low,,2026-08-18 11:20,,,,
2026-08-18 11:30:48,levels,SHORT,QQQ,below_10min_low,,2026-08-18 11:25,,,,
2026-08-18 12:20:32,levels,SHORT,QQQ,below_10min_low,,2026-08-18 12:15,,,,
2026-08-18 12:58:01,levels,SHORT,SPX,below_10min_low,,2026-08-18 12:55,,,,
2026-08-18 12:59:01,levels,SHORT,SPY,below_postmarket_low,,2026-08-18 12:55,,,,
2026-08-18 12:59:01,levels,SHORT,SPY,below_10min_low,,2026-08-18 12:55,,,,
2026-08-18 13:15:14,levels,LONG,SPY,above_postmarket_low,,2026-08-18 13:10,,,,
2026-08-18 13:15:14,levels,LONG,SPY,above_10min_low,,2026-08-18 13:10,,,,
2026-08-18 13:15:15,levels,LONG,SPX,above_10min_low,,2026-08-18 13:10,,,,
2026-08-18 13:55:44,levels,SHORT,SPY,below_10min_low,,2026-08-18 13:50,,,,
2026-08-18 13:55:45,levels,SHORT,SPX,below_10min_low,,2026-08-18 13:50,,,,
2026-08-18 14:00:49,levels,SHORT,SPY,below_postmarket_low,,2026-08-18 13:55,,,,
2026-08-18 14:10:59,levels,LONG,SPY,above_postmarket_low,,2026-08-18 14:05,,,,
2026-08-18 14:15:02,levels,SHORT,SPY,below_postmarket_low,,2026-08-18 14:10,,,,
2026-08-18 14:20:06,levels,LONG,SPY,above_postmarket_low,,2026-08-18 14:15,,,,
2026-08-18 14:25:10,levels,LONG,SPY,above_10min_low,,2026-08-18 14:20,,,,
2026-08-18 14:25:10,levels,LONG,SPX,above_10min_low,,2026-08-18 14:20,,,,
2026-08-18 14:35:18,levels,SHORT,SPY,below_10min_low,,2026-08-18 14:30,,,,
2026-08-18 14:35:19,levels,SHORT,SPX,below_10min_low,,2026-08-18 14:30,,,,
2026-08-18 14:40:23,levels,LONG,SPY,above_10min_low,,2026-08-18 14:35,,,,
2026-08-18 14:40:23,levels,LONG,SPX,above_10min_low,,2026-08-18 14:35,,,,
2026-08-18 14:45:27,levels,SHORT,SPY,below_10min_low,,2026-08-18 14:40,,,,
2026-08-18 14:45:27,levels,SHORT,SPX,below_10min_low,,2026-08-18 14:40,,,,
2026-08-18 14:50:33,levels,LONG,SPX,above_10min_low,,2026-08-18 14:45,,,,
2026-08-18 14:55:36,levels,SHORT,SPY,below_postmarket_low,,2026-08-18 14:50,,,,
2026-08-18 14:55:37,levels,SHORT,SPX,below_10min_low,,2026-08-18 14:50,,,,
